Sexo;Total Nacional;Comunidades y Ciudades Autónomas;Tipos atención sanitaria;Sí o no;Total
Ambos sexos;Total;;Atención médica;TOTAL;39.974,1
Ambos sexos;Total;;Atención médica;Sí;739,2
Ambos sexos;Total;;Atención médica;No;37.909,7
Ambos sexos;Total;;Atención médica;No necesitó asistencia;1.313,7
Ambos sexos;Total;;Atención médica;No consta;11,5
Ambos sexos;Total;;Atención dental;TOTAL;39.974,1
Ambos sexos;Total;;Atención dental;Sí;3.696,7
Ambos sexos;Total;;Atención dental;No;32.543,0
Ambos sexos;Total;;Atención dental;No necesitó asistencia;3.709,6
Ambos sexos;Total;;Atención dental;No consta;24,8
Ambos sexos;Total;;Medicamento recetado;TOTAL;39.974,1
Ambos sexos;Total;;Medicamento recetado;Sí;422,2
Ambos sexos;Total;;Medicamento recetado;No;36.202,9
Ambos sexos;Total;;Medicamento recetado;No necesitó asistencia;3.335,5
Ambos sexos;Total;;Medicamento recetado;No consta;13,6
Ambos sexos;Total;;Atención salud mental (psicólogo, psiquiatra...);TOTAL;39.974,1
Ambos sexos;Total;;Atención salud mental (psicólogo, psiquiatra...);Sí;301,5
Ambos sexos;Total;;Atención salud mental (psicólogo, psiquiatra...);No;25.252,6
Ambos sexos;Total;;Atención salud mental (psicólogo, psiquiatra...);No necesitó asistencia;14.402,7
Ambos sexos;Total;;Atención salud mental (psicólogo, psiquiatra...);No consta;17,4
Ambos sexos;Total;Andalucía;Atención médica;TOTAL;7.096,4
Ambos sexos;Total;Andalucía;Atención médica;Sí;82,3
Ambos sexos;Total;Andalucía;Atención médica;No;6.844,3
Ambos sexos;Total;Andalucía;Atención médica;No necesitó asistencia;169,8
Ambos sexos;Total;Andalucía;Atención médica;No consta;0,0
Ambos sexos;Total;Andalucía;Atención dental;TOTAL;7.096,4
Ambos sexos;Total;Andalucía;Atención dental;Sí;360,9
Ambos sexos;Total;Andalucía;Atención dental;No;6.457,5
Ambos sexos;Total;Andalucía;Atención dental;No necesitó asistencia;277,9
Ambos sexos;Total;Andalucía;Atención dental;No consta;0,0
Ambos sexos;Total;Andalucía;Medicamento recetado;TOTAL;7.096,4
Ambos sexos;Total;Andalucía;Medicamento recetado;Sí;44,4
Ambos sexos;Total;Andalucía;Medicamento recetado;No;6.846,6
Ambos sexos;Total;Andalucía;Medicamento recetado;No necesitó asistencia;205,3
Ambos sexos;Total;Andalucía;Medicamento recetado;No consta;0,0
Ambos sexos;Total;Andalucía;Atención salud mental (psicólogo, psiquiatra...);TOTAL;7.096,4
Ambos sexos;Total;Andalucía;Atención salud mental (psicólogo, psiquiatra...);Sí;56,0
Ambos sexos;Total;Andalucía;Atención salud mental (psicólogo, psiquiatra...);No;5.872,7
Ambos sexos;Total;Andalucía;Atención salud mental (psicólogo, psiquiatra...);No necesitó asistencia;1.167,7
Ambos sexos;Total;Andalucía;Atención salud mental (psicólogo, psiquiatra...);No consta;0,0
Ambos sexos;Total;Aragón;Atención médica;TOTAL;1.121,4
Ambos sexos;Total;Aragón;Atención médica;Sí;23,4
Ambos sexos;Total;Aragón;Atención médica;No;1.074,2
Ambos sexos;Total;Aragón;Atención médica;No necesitó asistencia;23,8
Ambos sexos;Total;Aragón;Atención médica;No consta;0,0
Ambos sexos;Total;Aragón;Atención dental;TOTAL;1.121,4
Ambos sexos;Total;Aragón;Atención dental;Sí;43,3
Ambos sexos;Total;Aragón;Atención dental;No;1.050,7
Ambos sexos;Total;Aragón;Atención dental;No necesitó asistencia;27,4
Ambos sexos;Total;Aragón;Atención dental;No consta;0,0
Ambos sexos;Total;Aragón;Medicamento recetado;TOTAL;1.121,4
Ambos sexos;Total;Aragón;Medicamento recetado;Sí;13,7
Ambos sexos;Total;Aragón;Medicamento recetado;No;1.070,8
Ambos sexos;Total;Aragón;Medicamento recetado;No necesitó asistencia;36,9
Ambos sexos;Total;Aragón;Medicamento recetado;No consta;0,0
Ambos sexos;Total;Aragón;Atención salud mental (psicólogo, psiquiatra...);TOTAL;1.121,4
Ambos sexos;Total;Aragón;Atención salud mental (psicólogo, psiquiatra...);Sí;0,0
Ambos sexos;Total;Aragón;Atención salud mental (psicólogo, psiquiatra...);No;1.061,4
Ambos sexos;Total;Aragón;Atención salud mental (psicólogo, psiquiatra...);No necesitó asistencia;60,0
Ambos sexos;Total;Aragón;Atención salud mental (psicólogo, psiquiatra...);No consta;0,0
Ambos sexos;Total;Asturias (Principado de);Atención médica;TOTAL;896,9
Ambos sexos;Total;Asturias (Principado de);Atención médica;Sí;3,7
Ambos sexos;Total;Asturias (Principado de);Atención médica;No;873,7
Ambos sexos;Total;Asturias (Principado de);Atención médica;No necesitó asistencia;17,5
Ambos sexos;Total;Asturias (Principado de);Atención médica;No consta;1,9
Ambos sexos;Total;Asturias (Principado de);Atención dental;TOTAL;896,9
Ambos sexos;Total;Asturias (Principado de);Atención dental;Sí;82,8
Ambos sexos;Total;Asturias (Principado de);Atención dental;No;791,4
Ambos sexos;Total;Asturias (Principado de);Atención dental;No necesitó asistencia;20,8
Ambos sexos;Total;Asturias (Principado de);Atención dental;No consta;1,9
Ambos sexos;Total;Asturias (Principado de);Medicamento recetado;TOTAL;896,9
Ambos sexos;Total;Asturias (Principado de);Medicamento recetado;Sí;1,6
Ambos sexos;Total;Asturias (Principado de);Medicamento recetado;No;855,9
Ambos sexos;Total;Asturias (Principado de);Medicamento recetado;No necesitó asistencia;37,4
Ambos sexos;Total;Asturias (Principado de);Medicamento recetado;No consta;1,9
Ambos sexos;Total;Asturias (Principado de);Atención salud mental (psicólogo, psiquiatra...);TOTAL;896,9
Ambos sexos;Total;Asturias (Principado de);Atención salud mental (psicólogo, psiquiatra...);Sí;1,7
Ambos sexos;Total;Asturias (Principado de);Atención salud mental (psicólogo, psiquiatra...);No;583,5
Ambos sexos;Total;Asturias (Principado de);Atención salud mental (psicólogo, psiquiatra...);No necesitó asistencia;309,8
Ambos sexos;Total;Asturias (Principado de);Atención salud mental (psicólogo, psiquiatra...);No consta;1,9
Ambos sexos;Total;Balears (Illes);Atención médica;TOTAL;1.030,2
Ambos sexos;Total;Balears (Illes);Atención médica;Sí;9,5
Ambos sexos;Total;Balears (Illes);Atención médica;No;1.019,6
Ambos sexos;Total;Balears (Illes);Atención médica;No necesitó asistencia;1,1
Ambos sexos;Total;Balears (Illes);Atención médica;No consta;0,0
Ambos sexos;Total;Balears (Illes);Atención dental;TOTAL;1.030,2
Ambos sexos;Total;Balears (Illes);Atención dental;Sí;72,7
Ambos sexos;Total;Balears (Illes);Atención dental;No;939,7
Ambos sexos;Total;Balears (Illes);Atención dental;No necesitó asistencia;17,9
Ambos sexos;Total;Balears (Illes);Atención dental;No consta;0,0
Ambos sexos;Total;Balears (Illes);Medicamento recetado;TOTAL;1.030,2
Ambos sexos;Total;Balears (Illes);Medicamento recetado;Sí;9,6
Ambos sexos;Total;Balears (Illes);Medicamento recetado;No;1.015,8
Ambos sexos;Total;Balears (Illes);Medicamento recetado;No necesitó asistencia;4,8
Ambos sexos;Total;Balears (Illes);Medicamento recetado;No consta;0,0
Ambos sexos;Total;Balears (Illes);Atención salud mental (psicólogo, psiquiatra...);TOTAL;1.030,2
Ambos sexos;Total;Balears (Illes);Atención salud mental (psicólogo, psiquiatra...);Sí;11,1
Ambos sexos;Total;Balears (Illes);Atención salud mental (psicólogo, psiquiatra...);No;957,4
Ambos sexos;Total;Balears (Illes);Atención salud mental (psicólogo, psiquiatra...);No necesitó asistencia;61,7
Ambos sexos;Total;Balears (Illes);Atención salud mental (psicólogo, psiquiatra...);No consta;0,0
Ambos sexos;Total;Canarias;Atención médica;TOTAL;1.936,1
Ambos sexos;Total;Canarias;Atención médica;Sí;208,1
Ambos sexos;Total;Canarias;Atención médica;No;1.726,1
Ambos sexos;Total;Canarias;Atención médica;No necesitó asistencia;1,9
Ambos sexos;Total;Canarias;Atención médica;No consta;0,0
Ambos sexos;Total;Canarias;Atención dental;TOTAL;1.936,1
Ambos sexos;Total;Canarias;Atención dental;Sí;519,6
Ambos sexos;Total;Canarias;Atención dental;No;1.409,1
Ambos sexos;Total;Canarias;Atención dental;No necesitó asistencia;7,4
Ambos sexos;Total;Canarias;Atención dental;No consta;0,0
Ambos sexos;Total;Canarias;Medicamento recetado;TOTAL;1.936,1
Ambos sexos;Total;Canarias;Medicamento recetado;Sí;34,2
Ambos sexos;Total;Canarias;Medicamento recetado;No;1.560,9
Ambos sexos;Total;Canarias;Medicamento recetado;No necesitó asistencia;341,0
Ambos sexos;Total;Canarias;Medicamento recetado;No consta;0,0
Ambos sexos;Total;Canarias;Atención salud mental (psicólogo, psiquiatra...);TOTAL;1.936,1
Ambos sexos;Total;Canarias;Atención salud mental (psicólogo, psiquiatra...);Sí;27,4
Ambos sexos;Total;Canarias;Atención salud mental (psicólogo, psiquiatra...);No;953,7
Ambos sexos;Total;Canarias;Atención salud mental (psicólogo, psiquiatra...);No necesitó asistencia;955,0
Ambos sexos;Total;Canarias;Atención salud mental (psicólogo, psiquiatra...);No consta;0,0
Ambos sexos;Total;Cantabria;Atención médica;TOTAL;500,1
Ambos sexos;Total;Cantabria;Atención médica;Sí;0,9
Ambos sexos;Total;Cantabria;Atención médica;No;499,2
Ambos sexos;Total;Cantabria;Atención médica;No necesitó asistencia;0,0
Ambos sexos;Total;Cantabria;Atención médica;No consta;0,0
Ambos sexos;Total;Cantabria;Atención dental;TOTAL;500,1
Ambos sexos;Total;Cantabria;Atención dental;Sí;5,1
Ambos sexos;Total;Cantabria;Atención dental;No;495,0
Ambos sexos;Total;Cantabria;Atención dental;No necesitó asistencia;0,0
Ambos sexos;Total;Cantabria;Atención dental;No consta;0,0
Ambos sexos;Total;Cantabria;Medicamento recetado;TOTAL;500,1
Ambos sexos;Total;Cantabria;Medicamento recetado;Sí;0,8
Ambos sexos;Total;Cantabria;Medicamento recetado;No;499,2
Ambos sexos;Total;Cantabria;Medicamento recetado;No necesitó asistencia;0,0
Ambos sexos;Total;Cantabria;Medicamento recetado;No consta;0,0
Ambos sexos;Total;Cantabria;Atención salud mental (psicólogo, psiquiatra...);TOTAL;500,1
Ambos sexos;Total;Cantabria;Atención salud mental (psicólogo, psiquiatra...);Sí;0,3
Ambos sexos;Total;Cantabria;Atención salud mental (psicólogo, psiquiatra...);No;498,8
Ambos sexos;Total;Cantabria;Atención salud mental (psicólogo, psiquiatra...);No necesitó asistencia;0,8
Ambos sexos;Total;Cantabria;Atención salud mental (psicólogo, psiquiatra...);No consta;0,2
Ambos sexos;Total;Castilla y León;Atención médica;TOTAL;2.063,7
Ambos sexos;Total;Castilla y León;Atención médica;Sí;16,9
Ambos sexos;Total;Castilla y León;Atención médica;No;1.968,5
Ambos sexos;Total;Castilla y León;Atención médica;No necesitó asistencia;78,3
Ambos sexos;Total;Castilla y León;Atención médica;No consta;0,0
Ambos sexos;Total;Castilla y León;Atención dental;TOTAL;2.063,7
Ambos sexos;Total;Castilla y León;Atención dental;Sí;139,5
Ambos sexos;Total;Castilla y León;Atención dental;No;1.639,9
Ambos sexos;Total;Castilla y León;Atención dental;No necesitó asistencia;284,3
Ambos sexos;Total;Castilla y León;Atención dental;No consta;0,0
Ambos sexos;Total;Castilla y León;Medicamento recetado;TOTAL;2.063,7
Ambos sexos;Total;Castilla y León;Medicamento recetado;Sí;25,2
Ambos sexos;Total;Castilla y León;Medicamento recetado;No;1.776,9
Ambos sexos;Total;Castilla y León;Medicamento recetado;No necesitó asistencia;261,3
Ambos sexos;Total;Castilla y León;Medicamento recetado;No consta;0,3
Ambos sexos;Total;Castilla y León;Atención salud mental (psicólogo, psiquiatra...);TOTAL;2.063,7
Ambos sexos;Total;Castilla y León;Atención salud mental (psicólogo, psiquiatra...);Sí;20,6
Ambos sexos;Total;Castilla y León;Atención salud mental (psicólogo, psiquiatra...);No;1.060,4
Ambos sexos;Total;Castilla y León;Atención salud mental (psicólogo, psiquiatra...);No necesitó asistencia;982,7
Ambos sexos;Total;Castilla y León;Atención salud mental (psicólogo, psiquiatra...);No consta;0,0
Ambos sexos;Total;Castilla-La Mancha;Atención médica;TOTAL;1.709,7
Ambos sexos;Total;Castilla-La Mancha;Atención médica;Sí;25,1
Ambos sexos;Total;Castilla-La Mancha;Atención médica;No;1.615,5
Ambos sexos;Total;Castilla-La Mancha;Atención médica;No necesitó asistencia;68,7
Ambos sexos;Total;Castilla-La Mancha;Atención médica;No consta;0,4
Ambos sexos;Total;Castilla-La Mancha;Atención dental;TOTAL;1.709,7
Ambos sexos;Total;Castilla-La Mancha;Atención dental;Sí;176,4
Ambos sexos;Total;Castilla-La Mancha;Atención dental;No;1.152,8
Ambos sexos;Total;Castilla-La Mancha;Atención dental;No necesitó asistencia;376,7
Ambos sexos;Total;Castilla-La Mancha;Atención dental;No consta;3,7
Ambos sexos;Total;Castilla-La Mancha;Medicamento recetado;TOTAL;1.709,7
Ambos sexos;Total;Castilla-La Mancha;Medicamento recetado;Sí;3,9
Ambos sexos;Total;Castilla-La Mancha;Medicamento recetado;No;1.546,8
Ambos sexos;Total;Castilla-La Mancha;Medicamento recetado;No necesitó asistencia;158,6
Ambos sexos;Total;Castilla-La Mancha;Medicamento recetado;No consta;0,4
Ambos sexos;Total;Castilla-La Mancha;Atención salud mental (psicólogo, psiquiatra...);TOTAL;1.709,7
Ambos sexos;Total;Castilla-La Mancha;Atención salud mental (psicólogo, psiquiatra...);Sí;7,4
Ambos sexos;Total;Castilla-La Mancha;Atención salud mental (psicólogo, psiquiatra...);No;911,7
Ambos sexos;Total;Castilla-La Mancha;Atención salud mental (psicólogo, psiquiatra...);No necesitó asistencia;790,2
Ambos sexos;Total;Castilla-La Mancha;Atención salud mental (psicólogo, psiquiatra...);No consta;0,4
Ambos sexos;Total;Cataluña;Atención médica;TOTAL;6.397,6
Ambos sexos;Total;Cataluña;Atención médica;Sí;57,4
Ambos sexos;Total;Cataluña;Atención médica;No;6.005,7
Ambos sexos;Total;Cataluña;Atención médica;No necesitó asistencia;333,6
Ambos sexos;Total;Cataluña;Atención médica;No consta;0,9
Ambos sexos;Total;Cataluña;Atención dental;TOTAL;6.397,6
Ambos sexos;Total;Cataluña;Atención dental;Sí;548,1
Ambos sexos;Total;Cataluña;Atención dental;No;5.127,1
Ambos sexos;Total;Cataluña;Atención dental;No necesitó asistencia;721,6
Ambos sexos;Total;Cataluña;Atención dental;No consta;0,9
Ambos sexos;Total;Cataluña;Medicamento recetado;TOTAL;6.397,6
Ambos sexos;Total;Cataluña;Medicamento recetado;Sí;57,2
Ambos sexos;Total;Cataluña;Medicamento recetado;No;5.674,1
Ambos sexos;Total;Cataluña;Medicamento recetado;No necesitó asistencia;665,4
Ambos sexos;Total;Cataluña;Medicamento recetado;No consta;0,9
Ambos sexos;Total;Cataluña;Atención salud mental (psicólogo, psiquiatra...);TOTAL;6.397,6
Ambos sexos;Total;Cataluña;Atención salud mental (psicólogo, psiquiatra...);Sí;39,6
Ambos sexos;Total;Cataluña;Atención salud mental (psicólogo, psiquiatra...);No;4.248,6
Ambos sexos;Total;Cataluña;Atención salud mental (psicólogo, psiquiatra...);No necesitó asistencia;2.108,5
Ambos sexos;Total;Cataluña;Atención salud mental (psicólogo, psiquiatra...);No consta;0,9
Ambos sexos;Total;Comunitat Valenciana;Atención médica;TOTAL;4.255,3
Ambos sexos;Total;Comunitat Valenciana;Atención médica;Sí;53,0
Ambos sexos;Total;Comunitat Valenciana;Atención médica;No;3.989,2
Ambos sexos;Total;Comunitat Valenciana;Atención médica;No necesitó asistencia;213,1
Ambos sexos;Total;Comunitat Valenciana;Atención médica;No consta;0,0
Ambos sexos;Total;Comunitat Valenciana;Atención dental;TOTAL;4.255,3
Ambos sexos;Total;Comunitat Valenciana;Atención dental;Sí;556,5
Ambos sexos;Total;Comunitat Valenciana;Atención dental;No;3.006,9
Ambos sexos;Total;Comunitat Valenciana;Atención dental;No necesitó asistencia;691,8
Ambos sexos;Total;Comunitat Valenciana;Atención dental;No consta;0,0
Ambos sexos;Total;Comunitat Valenciana;Medicamento recetado;TOTAL;4.255,3
Ambos sexos;Total;Comunitat Valenciana;Medicamento recetado;Sí;81,8
Ambos sexos;Total;Comunitat Valenciana;Medicamento recetado;No;3.654,2
Ambos sexos;Total;Comunitat Valenciana;Medicamento recetado;No necesitó asistencia;519,2
Ambos sexos;Total;Comunitat Valenciana;Medicamento recetado;No consta;0,0
Ambos sexos;Total;Comunitat Valenciana;Atención salud mental (psicólogo, psiquiatra...);TOTAL;4.255,3
Ambos sexos;Total;Comunitat Valenciana;Atención salud mental (psicólogo, psiquiatra...);Sí;38,6
Ambos sexos;Total;Comunitat Valenciana;Atención salud mental (psicólogo, psiquiatra...);No;1.245,1
Ambos sexos;Total;Comunitat Valenciana;Atención salud mental (psicólogo, psiquiatra...);No necesitó asistencia;2.971,6
Ambos sexos;Total;Comunitat Valenciana;Atención salud mental (psicólogo, psiquiatra...);No consta;0,0
Ambos sexos;Total;Extremadura;Atención médica;TOTAL;904,8
Ambos sexos;Total;Extremadura;Atención médica;Sí;17,0
Ambos sexos;Total;Extremadura;Atención médica;No;771,5
Ambos sexos;Total;Extremadura;Atención médica;No necesitó asistencia;116,4
Ambos sexos;Total;Extremadura;Atención médica;No consta;0,0
Ambos sexos;Total;Extremadura;Atención dental;TOTAL;904,8
Ambos sexos;Total;Extremadura;Atención dental;Sí;22,2
Ambos sexos;Total;Extremadura;Atención dental;No;649,0
Ambos sexos;Total;Extremadura;Atención dental;No necesitó asistencia;233,7
Ambos sexos;Total;Extremadura;Atención dental;No consta;0,0
Ambos sexos;Total;Extremadura;Medicamento recetado;TOTAL;904,8
Ambos sexos;Total;Extremadura;Medicamento recetado;Sí;6,6
Ambos sexos;Total;Extremadura;Medicamento recetado;No;625,5
Ambos sexos;Total;Extremadura;Medicamento recetado;No necesitó asistencia;272,8
Ambos sexos;Total;Extremadura;Medicamento recetado;No consta;0,0
Ambos sexos;Total;Extremadura;Atención salud mental (psicólogo, psiquiatra...);TOTAL;904,8
Ambos sexos;Total;Extremadura;Atención salud mental (psicólogo, psiquiatra...);Sí;1,0
Ambos sexos;Total;Extremadura;Atención salud mental (psicólogo, psiquiatra...);No;239,0
Ambos sexos;Total;Extremadura;Atención salud mental (psicólogo, psiquiatra...);No necesitó asistencia;664,8
Ambos sexos;Total;Extremadura;Atención salud mental (psicólogo, psiquiatra...);No consta;0,0
Ambos sexos;Total;Galicia;Atención médica;TOTAL;2.360,6
Ambos sexos;Total;Galicia;Atención médica;Sí;138,5
Ambos sexos;Total;Galicia;Atención médica;No;2.145,7
Ambos sexos;Total;Galicia;Atención médica;No necesitó asistencia;69,5
Ambos sexos;Total;Galicia;Atención médica;No consta;6,9
Ambos sexos;Total;Galicia;Atención dental;TOTAL;2.360,6
Ambos sexos;Total;Galicia;Atención dental;Sí;359,8
Ambos sexos;Total;Galicia;Atención dental;No;1.783,5
Ambos sexos;Total;Galicia;Atención dental;No necesitó asistencia;210,1
Ambos sexos;Total;Galicia;Atención dental;No consta;7,3
Ambos sexos;Total;Galicia;Medicamento recetado;TOTAL;2.360,6
Ambos sexos;Total;Galicia;Medicamento recetado;Sí;36,1
Ambos sexos;Total;Galicia;Medicamento recetado;No;2.094,1
Ambos sexos;Total;Galicia;Medicamento recetado;No necesitó asistencia;223,1
Ambos sexos;Total;Galicia;Medicamento recetado;No consta;7,3
Ambos sexos;Total;Galicia;Atención salud mental (psicólogo, psiquiatra...);TOTAL;2.360,6
Ambos sexos;Total;Galicia;Atención salud mental (psicólogo, psiquiatra...);Sí;27,8
Ambos sexos;Total;Galicia;Atención salud mental (psicólogo, psiquiatra...);No;1.253,6
Ambos sexos;Total;Galicia;Atención salud mental (psicólogo, psiquiatra...);No necesitó asistencia;1.072,2
Ambos sexos;Total;Galicia;Atención salud mental (psicólogo, psiquiatra...);No consta;6,9
Ambos sexos;Total;Madrid (Comunidad de);Atención médica;TOTAL;5.649,9
Ambos sexos;Total;Madrid (Comunidad de);Atención médica;Sí;31,1
Ambos sexos;Total;Madrid (Comunidad de);Atención médica;No;5.450,6
Ambos sexos;Total;Madrid (Comunidad de);Atención médica;No necesitó asistencia;168,2
Ambos sexos;Total;Madrid (Comunidad de);Atención médica;No consta;0,0
Ambos sexos;Total;Madrid (Comunidad de);Atención dental;TOTAL;5.649,9
Ambos sexos;Total;Madrid (Comunidad de);Atención dental;Sí;362,3
Ambos sexos;Total;Madrid (Comunidad de);Atención dental;No;4.611,0
Ambos sexos;Total;Madrid (Comunidad de);Atención dental;No necesitó asistencia;672,4
Ambos sexos;Total;Madrid (Comunidad de);Atención dental;No consta;4,3
Ambos sexos;Total;Madrid (Comunidad de);Medicamento recetado;TOTAL;5.649,9
Ambos sexos;Total;Madrid (Comunidad de);Medicamento recetado;Sí;41,6
Ambos sexos;Total;Madrid (Comunidad de);Medicamento recetado;No;5.220,5
Ambos sexos;Total;Madrid (Comunidad de);Medicamento recetado;No necesitó asistencia;387,8
Ambos sexos;Total;Madrid (Comunidad de);Medicamento recetado;No consta;0,0
Ambos sexos;Total;Madrid (Comunidad de);Atención salud mental (psicólogo, psiquiatra...);TOTAL;5.649,9
Ambos sexos;Total;Madrid (Comunidad de);Atención salud mental (psicólogo, psiquiatra...);Sí;13,0
Ambos sexos;Total;Madrid (Comunidad de);Atención salud mental (psicólogo, psiquiatra...);No;3.419,5
Ambos sexos;Total;Madrid (Comunidad de);Atención salud mental (psicólogo, psiquiatra...);No necesitó asistencia;2.217,5
Ambos sexos;Total;Madrid (Comunidad de);Atención salud mental (psicólogo, psiquiatra...);No consta;0,0
Ambos sexos;Total;Murcia (Región de);Atención médica;TOTAL;1.242,4
Ambos sexos;Total;Murcia (Región de);Atención médica;Sí;36,2
Ambos sexos;Total;Murcia (Región de);Atención médica;No;1.196,1
Ambos sexos;Total;Murcia (Región de);Atención médica;No necesitó asistencia;10,1
Ambos sexos;Total;Murcia (Región de);Atención médica;No consta;0,0
Ambos sexos;Total;Murcia (Región de);Atención dental;TOTAL;1.242,4
Ambos sexos;Total;Murcia (Región de);Atención dental;Sí;205,5
Ambos sexos;Total;Murcia (Región de);Atención dental;No;1.007,3
Ambos sexos;Total;Murcia (Región de);Atención dental;No necesitó asistencia;29,5
Ambos sexos;Total;Murcia (Región de);Atención dental;No consta;0,0
Ambos sexos;Total;Murcia (Región de);Medicamento recetado;TOTAL;1.242,4
Ambos sexos;Total;Murcia (Región de);Medicamento recetado;Sí;21,0
Ambos sexos;Total;Murcia (Región de);Medicamento recetado;No;1.130,4
Ambos sexos;Total;Murcia (Región de);Medicamento recetado;No necesitó asistencia;91,0
Ambos sexos;Total;Murcia (Región de);Medicamento recetado;No consta;0,0
Ambos sexos;Total;Murcia (Región de);Atención salud mental (psicólogo, psiquiatra...);TOTAL;1.242,4
Ambos sexos;Total;Murcia (Región de);Atención salud mental (psicólogo, psiquiatra...);Sí;36,0
Ambos sexos;Total;Murcia (Región de);Atención salud mental (psicólogo, psiquiatra...);No;961,3
Ambos sexos;Total;Murcia (Región de);Atención salud mental (psicólogo, psiquiatra...);No necesitó asistencia;245,2
Ambos sexos;Total;Murcia (Región de);Atención salud mental (psicólogo, psiquiatra...);No consta;0,0
Ambos sexos;Total;Navarra (Comunidad Foral de);Atención médica;TOTAL;547,4
Ambos sexos;Total;Navarra (Comunidad Foral de);Atención médica;Sí;3,4
Ambos sexos;Total;Navarra (Comunidad Foral de);Atención médica;No;537,9
Ambos sexos;Total;Navarra (Comunidad Foral de);Atención médica;No necesitó asistencia;6,1
Ambos sexos;Total;Navarra (Comunidad Foral de);Atención médica;No consta;0,0
Ambos sexos;Total;Navarra (Comunidad Foral de);Atención dental;TOTAL;547,4
Ambos sexos;Total;Navarra (Comunidad Foral de);Atención dental;Sí;96,0
Ambos sexos;Total;Navarra (Comunidad Foral de);Atención dental;No;419,2
Ambos sexos;Total;Navarra (Comunidad Foral de);Atención dental;No necesitó asistencia;32,2
Ambos sexos;Total;Navarra (Comunidad Foral de);Atención dental;No consta;0,0
Ambos sexos;Total;Navarra (Comunidad Foral de);Medicamento recetado;TOTAL;547,4
Ambos sexos;Total;Navarra (Comunidad Foral de);Medicamento recetado;Sí;12,3
Ambos sexos;Total;Navarra (Comunidad Foral de);Medicamento recetado;No;517,0
Ambos sexos;Total;Navarra (Comunidad Foral de);Medicamento recetado;No necesitó asistencia;18,1
Ambos sexos;Total;Navarra (Comunidad Foral de);Medicamento recetado;No consta;0,0
Ambos sexos;Total;Navarra (Comunidad Foral de);Atención salud mental (psicólogo, psiquiatra...);TOTAL;547,4
Ambos sexos;Total;Navarra (Comunidad Foral de);Atención salud mental (psicólogo, psiquiatra...);Sí;6,9
Ambos sexos;Total;Navarra (Comunidad Foral de);Atención salud mental (psicólogo, psiquiatra...);No;344,6
Ambos sexos;Total;Navarra (Comunidad Foral de);Atención salud mental (psicólogo, psiquiatra...);No necesitó asistencia;195,8
Ambos sexos;Total;Navarra (Comunidad Foral de);Atención salud mental (psicólogo, psiquiatra...);No consta;0,0
Ambos sexos;Total;País Vasco;Atención médica;TOTAL;1.863,3
Ambos sexos;Total;País Vasco;Atención médica;Sí;26,6
Ambos sexos;Total;País Vasco;Atención médica;No;1.813,7
Ambos sexos;Total;País Vasco;Atención médica;No necesitó asistencia;21,5
Ambos sexos;Total;País Vasco;Atención médica;No consta;1,4
Ambos sexos;Total;País Vasco;Atención dental;TOTAL;1.863,3
Ambos sexos;Total;País Vasco;Atención dental;Sí;112,8
Ambos sexos;Total;País Vasco;Atención dental;No;1.668,1
Ambos sexos;Total;País Vasco;Atención dental;No necesitó asistencia;75,7
Ambos sexos;Total;País Vasco;Atención dental;No consta;6,7
Ambos sexos;Total;País Vasco;Medicamento recetado;TOTAL;1.863,3
Ambos sexos;Total;País Vasco;Medicamento recetado;Sí;27,6
Ambos sexos;Total;País Vasco;Medicamento recetado;No;1.755,7
Ambos sexos;Total;País Vasco;Medicamento recetado;No necesitó asistencia;77,1
Ambos sexos;Total;País Vasco;Medicamento recetado;No consta;2,9
Ambos sexos;Total;País Vasco;Atención salud mental (psicólogo, psiquiatra...);TOTAL;1.863,3
Ambos sexos;Total;País Vasco;Atención salud mental (psicólogo, psiquiatra...);Sí;12,5
Ambos sexos;Total;País Vasco;Atención salud mental (psicólogo, psiquiatra...);No;1.371,3
Ambos sexos;Total;País Vasco;Atención salud mental (psicólogo, psiquiatra...);No necesitó asistencia;472,4
Ambos sexos;Total;País Vasco;Atención salud mental (psicólogo, psiquiatra...);No consta;7,1
Ambos sexos;Total;Rioja (La);Atención médica;TOTAL;267,4
Ambos sexos;Total;Rioja (La);Atención médica;Sí;0,2
Ambos sexos;Total;Rioja (La);Atención médica;No;263,4
Ambos sexos;Total;Rioja (La);Atención médica;No necesitó asistencia;3,7
Ambos sexos;Total;Rioja (La);Atención médica;No consta;0,0
Ambos sexos;Total;Rioja (La);Atención dental;TOTAL;267,4
Ambos sexos;Total;Rioja (La);Atención dental;Sí;25,8
Ambos sexos;Total;Rioja (La);Atención dental;No;233,6
Ambos sexos;Total;Rioja (La);Atención dental;No necesitó asistencia;7,9
Ambos sexos;Total;Rioja (La);Atención dental;No consta;0,0
Ambos sexos;Total;Rioja (La);Medicamento recetado;TOTAL;267,4
Ambos sexos;Total;Rioja (La);Medicamento recetado;Sí;3,7
Ambos sexos;Total;Rioja (La);Medicamento recetado;No;256,1
Ambos sexos;Total;Rioja (La);Medicamento recetado;No necesitó asistencia;7,5
Ambos sexos;Total;Rioja (La);Medicamento recetado;No consta;0,0
Ambos sexos;Total;Rioja (La);Atención salud mental (psicólogo, psiquiatra...);TOTAL;267,4
Ambos sexos;Total;Rioja (La);Atención salud mental (psicólogo, psiquiatra...);Sí;1,6
Ambos sexos;Total;Rioja (La);Atención salud mental (psicólogo, psiquiatra...);No;191,1
Ambos sexos;Total;Rioja (La);Atención salud mental (psicólogo, psiquiatra...);No necesitó asistencia;74,6
Ambos sexos;Total;Rioja (La);Atención salud mental (psicólogo, psiquiatra...);No consta;0,0
Ambos sexos;Total;Ceuta (Ciudad Autónoma de);Atención médica;TOTAL;66,8
Ambos sexos;Total;Ceuta (Ciudad Autónoma de);Atención médica;Sí;0,0
Ambos sexos;Total;Ceuta (Ciudad Autónoma de);Atención médica;No;66,8
Ambos sexos;Total;Ceuta (Ciudad Autónoma de);Atención médica;No necesitó asistencia;0,0
Ambos sexos;Total;Ceuta (Ciudad Autónoma de);Atención médica;No consta;0,0
Ambos sexos;Total;Ceuta (Ciudad Autónoma de);Atención dental;TOTAL;66,8
Ambos sexos;Total;Ceuta (Ciudad Autónoma de);Atención dental;Sí;2,1
Ambos sexos;Total;Ceuta (Ciudad Autónoma de);Atención dental;No;64,7
Ambos sexos;Total;Ceuta (Ciudad Autónoma de);Atención dental;No necesitó asistencia;0,0
Ambos sexos;Total;Ceuta (Ciudad Autónoma de);Atención dental;No consta;0,0
Ambos sexos;Total;Ceuta (Ciudad Autónoma de);Medicamento recetado;TOTAL;66,8
Ambos sexos;Total;Ceuta (Ciudad Autónoma de);Medicamento recetado;Sí;0,2
Ambos sexos;Total;Ceuta (Ciudad Autónoma de);Medicamento recetado;No;66,6
Ambos sexos;Total;Ceuta (Ciudad Autónoma de);Medicamento recetado;No necesitó asistencia;0,0
Ambos sexos;Total;Ceuta (Ciudad Autónoma de);Medicamento recetado;No consta;0,0
Ambos sexos;Total;Ceuta (Ciudad Autónoma de);Atención salud mental (psicólogo, psiquiatra...);TOTAL;66,8
Ambos sexos;Total;Ceuta (Ciudad Autónoma de);Atención salud mental (psicólogo, psiquiatra...);Sí;0,0
Ambos sexos;Total;Ceuta (Ciudad Autónoma de);Atención salud mental (psicólogo, psiquiatra...);No;65,7
Ambos sexos;Total;Ceuta (Ciudad Autónoma de);Atención salud mental (psicólogo, psiquiatra...);No necesitó asistencia;1,1
Ambos sexos;Total;Ceuta (Ciudad Autónoma de);Atención salud mental (psicólogo, psiquiatra...);No consta;0,0
Ambos sexos;Total;Melilla (Ciudad Autónoma de);Atención médica;TOTAL;64,3
Ambos sexos;Total;Melilla (Ciudad Autónoma de);Atención médica;Sí;5,7
Ambos sexos;Total;Melilla (Ciudad Autónoma de);Atención médica;No;48,2
Ambos sexos;Total;Melilla (Ciudad Autónoma de);Atención médica;No necesitó asistencia;10,4
Ambos sexos;Total;Melilla (Ciudad Autónoma de);Atención médica;No consta;0,0
Ambos sexos;Total;Melilla (Ciudad Autónoma de);Atención dental;TOTAL;64,3
Ambos sexos;Total;Melilla (Ciudad Autónoma de);Atención dental;Sí;5,4
Ambos sexos;Total;Melilla (Ciudad Autónoma de);Atención dental;No;36,6
Ambos sexos;Total;Melilla (Ciudad Autónoma de);Atención dental;No necesitó asistencia;22,3
Ambos sexos;Total;Melilla (Ciudad Autónoma de);Atención dental;No consta;0,0
Ambos sexos;Total;Melilla (Ciudad Autónoma de);Medicamento recetado;TOTAL;64,3
Ambos sexos;Total;Melilla (Ciudad Autónoma de);Medicamento recetado;Sí;0,5
Ambos sexos;Total;Melilla (Ciudad Autónoma de);Medicamento recetado;No;35,7
Ambos sexos;Total;Melilla (Ciudad Autónoma de);Medicamento recetado;No necesitó asistencia;28,1
Ambos sexos;Total;Melilla (Ciudad Autónoma de);Medicamento recetado;No consta;0,0
Ambos sexos;Total;Melilla (Ciudad Autónoma de);Atención salud mental (psicólogo, psiquiatra...);TOTAL;64,3
Ambos sexos;Total;Melilla (Ciudad Autónoma de);Atención salud mental (psicólogo, psiquiatra...);Sí;0,0
Ambos sexos;Total;Melilla (Ciudad Autónoma de);Atención salud mental (psicólogo, psiquiatra...);No;13,0
Ambos sexos;Total;Melilla (Ciudad Autónoma de);Atención salud mental (psicólogo, psiquiatra...);No necesitó asistencia;51,3
Ambos sexos;Total;Melilla (Ciudad Autónoma de);Atención salud mental (psicólogo, psiquiatra...);No consta;0,0
Hombres;Total;;Atención médica;TOTAL;19.449,1
Hombres;Total;;Atención médica;Sí;289,1
Hombres;Total;;Atención médica;No;18.298,2
Hombres;Total;;Atención médica;No necesitó asistencia;853,4
Hombres;Total;;Atención médica;No consta;8,4
Hombres;Total;;Atención dental;TOTAL;19.449,1
Hombres;Total;;Atención dental;Sí;1.636,3
Hombres;Total;;Atención dental;No;15.721,3
Hombres;Total;;Atención dental;No necesitó asistencia;2.074,9
Hombres;Total;;Atención dental;No consta;16,6
Hombres;Total;;Medicamento recetado;TOTAL;19.449,1
Hombres;Total;;Medicamento recetado;Sí;147,7
Hombres;Total;;Medicamento recetado;No;17.256,6
Hombres;Total;;Medicamento recetado;No necesitó asistencia;2.034,7
Hombres;Total;;Medicamento recetado;No consta;10,1
Hombres;Total;;Atención salud mental (psicólogo, psiquiatra...);TOTAL;19.449,1
Hombres;Total;;Atención salud mental (psicólogo, psiquiatra...);Sí;93,2
Hombres;Total;;Atención salud mental (psicólogo, psiquiatra...);No;11.974,4
Hombres;Total;;Atención salud mental (psicólogo, psiquiatra...);No necesitó asistencia;7.367,5
Hombres;Total;;Atención salud mental (psicólogo, psiquiatra...);No consta;14,1
Hombres;Total;Andalucía;Atención médica;TOTAL;3.473,0
Hombres;Total;Andalucía;Atención médica;Sí;44,5
Hombres;Total;Andalucía;Atención médica;No;3.322,4
Hombres;Total;Andalucía;Atención médica;No necesitó asistencia;106,1
Hombres;Total;Andalucía;Atención médica;No consta;0,0
Hombres;Total;Andalucía;Atención dental;TOTAL;3.473,0
Hombres;Total;Andalucía;Atención dental;Sí;185,3
Hombres;Total;Andalucía;Atención dental;No;3.124,5
Hombres;Total;Andalucía;Atención dental;No necesitó asistencia;163,2
Hombres;Total;Andalucía;Atención dental;No consta;0,0
Hombres;Total;Andalucía;Medicamento recetado;TOTAL;3.473,0
Hombres;Total;Andalucía;Medicamento recetado;Sí;20,2
Hombres;Total;Andalucía;Medicamento recetado;No;3.326,9
Hombres;Total;Andalucía;Medicamento recetado;No necesitó asistencia;125,9
Hombres;Total;Andalucía;Medicamento recetado;No consta;0,0
Hombres;Total;Andalucía;Atención salud mental (psicólogo, psiquiatra...);TOTAL;3.473,0
Hombres;Total;Andalucía;Atención salud mental (psicólogo, psiquiatra...);Sí;20,2
Hombres;Total;Andalucía;Atención salud mental (psicólogo, psiquiatra...);No;2.843,0
Hombres;Total;Andalucía;Atención salud mental (psicólogo, psiquiatra...);No necesitó asistencia;609,8
Hombres;Total;Andalucía;Atención salud mental (psicólogo, psiquiatra...);No consta;0,0
Hombres;Total;Aragón;Atención médica;TOTAL;550,5
Hombres;Total;Aragón;Atención médica;Sí;15,1
Hombres;Total;Aragón;Atención médica;No;516,0
Hombres;Total;Aragón;Atención médica;No necesitó asistencia;19,4
Hombres;Total;Aragón;Atención médica;No consta;0,0
Hombres;Total;Aragón;Atención dental;TOTAL;550,5
Hombres;Total;Aragón;Atención dental;Sí;20,2
Hombres;Total;Aragón;Atención dental;No;510,3
Hombres;Total;Aragón;Atención dental;No necesitó asistencia;20,0
Hombres;Total;Aragón;Atención dental;No consta;0,0
Hombres;Total;Aragón;Medicamento recetado;TOTAL;550,5
Hombres;Total;Aragón;Medicamento recetado;Sí;7,6
Hombres;Total;Aragón;Medicamento recetado;No;516,2
Hombres;Total;Aragón;Medicamento recetado;No necesitó asistencia;26,7
Hombres;Total;Aragón;Medicamento recetado;No consta;0,0
Hombres;Total;Aragón;Atención salud mental (psicólogo, psiquiatra...);TOTAL;550,5
Hombres;Total;Aragón;Atención salud mental (psicólogo, psiquiatra...);Sí;0,0
Hombres;Total;Aragón;Atención salud mental (psicólogo, psiquiatra...);No;507,8
Hombres;Total;Aragón;Atención salud mental (psicólogo, psiquiatra...);No necesitó asistencia;42,7
Hombres;Total;Aragón;Atención salud mental (psicólogo, psiquiatra...);No consta;0,0
Hombres;Total;Asturias (Principado de);Atención médica;TOTAL;425,8
Hombres;Total;Asturias (Principado de);Atención médica;Sí;1,9
Hombres;Total;Asturias (Principado de);Atención médica;No;411,2
Hombres;Total;Asturias (Principado de);Atención médica;No necesitó asistencia;12,6
Hombres;Total;Asturias (Principado de);Atención médica;No consta;0,0
Hombres;Total;Asturias (Principado de);Atención dental;TOTAL;425,8
Hombres;Total;Asturias (Principado de);Atención dental;Sí;28,4
Hombres;Total;Asturias (Principado de);Atención dental;No;382,8
Hombres;Total;Asturias (Principado de);Atención dental;No necesitó asistencia;14,5
Hombres;Total;Asturias (Principado de);Atención dental;No consta;0,0
Hombres;Total;Asturias (Principado de);Medicamento recetado;TOTAL;425,8
Hombres;Total;Asturias (Principado de);Medicamento recetado;Sí;0,8
Hombres;Total;Asturias (Principado de);Medicamento recetado;No;397,8
Hombres;Total;Asturias (Principado de);Medicamento recetado;No necesitó asistencia;27,1
Hombres;Total;Asturias (Principado de);Medicamento recetado;No consta;0,0
Hombres;Total;Asturias (Principado de);Atención salud mental (psicólogo, psiquiatra...);TOTAL;425,8
Hombres;Total;Asturias (Principado de);Atención salud mental (psicólogo, psiquiatra...);Sí;1,4
Hombres;Total;Asturias (Principado de);Atención salud mental (psicólogo, psiquiatra...);No;268,7
Hombres;Total;Asturias (Principado de);Atención salud mental (psicólogo, psiquiatra...);No necesitó asistencia;155,6
Hombres;Total;Asturias (Principado de);Atención salud mental (psicólogo, psiquiatra...);No consta;0,0
Hombres;Total;Balears (Illes);Atención médica;TOTAL;512,0
Hombres;Total;Balears (Illes);Atención médica;Sí;0,0
Hombres;Total;Balears (Illes);Atención médica;No;510,8
Hombres;Total;Balears (Illes);Atención médica;No necesitó asistencia;1,1
Hombres;Total;Balears (Illes);Atención médica;No consta;0,0
Hombres;Total;Balears (Illes);Atención dental;TOTAL;512,0
Hombres;Total;Balears (Illes);Atención dental;Sí;26,4
Hombres;Total;Balears (Illes);Atención dental;No;471,9
Hombres;Total;Balears (Illes);Atención dental;No necesitó asistencia;13,6
Hombres;Total;Balears (Illes);Atención dental;No consta;0,0
Hombres;Total;Balears (Illes);Medicamento recetado;TOTAL;512,0
Hombres;Total;Balears (Illes);Medicamento recetado;Sí;5,1
Hombres;Total;Balears (Illes);Medicamento recetado;No;503,8
Hombres;Total;Balears (Illes);Medicamento recetado;No necesitó asistencia;3,0
Hombres;Total;Balears (Illes);Medicamento recetado;No consta;0,0
Hombres;Total;Balears (Illes);Atención salud mental (psicólogo, psiquiatra...);TOTAL;512,0
Hombres;Total;Balears (Illes);Atención salud mental (psicólogo, psiquiatra...);Sí;0,0
Hombres;Total;Balears (Illes);Atención salud mental (psicólogo, psiquiatra...);No;477,4
Hombres;Total;Balears (Illes);Atención salud mental (psicólogo, psiquiatra...);No necesitó asistencia;34,6
Hombres;Total;Balears (Illes);Atención salud mental (psicólogo, psiquiatra...);No consta;0,0
Hombres;Total;Canarias;Atención médica;TOTAL;953,4
Hombres;Total;Canarias;Atención médica;Sí;67,2
Hombres;Total;Canarias;Atención médica;No;884,3
Hombres;Total;Canarias;Atención médica;No necesitó asistencia;1,9
Hombres;Total;Canarias;Atención médica;No consta;0,0
Hombres;Total;Canarias;Atención dental;TOTAL;953,4
Hombres;Total;Canarias;Atención dental;Sí;230,9
Hombres;Total;Canarias;Atención dental;No;715,0
Hombres;Total;Canarias;Atención dental;No necesitó asistencia;7,4
Hombres;Total;Canarias;Atención dental;No consta;0,0
Hombres;Total;Canarias;Medicamento recetado;TOTAL;953,4
Hombres;Total;Canarias;Medicamento recetado;Sí;6,8
Hombres;Total;Canarias;Medicamento recetado;No;749,9
Hombres;Total;Canarias;Medicamento recetado;No necesitó asistencia;196,7
Hombres;Total;Canarias;Medicamento recetado;No consta;0,0
Hombres;Total;Canarias;Atención salud mental (psicólogo, psiquiatra...);TOTAL;953,4
Hombres;Total;Canarias;Atención salud mental (psicólogo, psiquiatra...);Sí;11,0
Hombres;Total;Canarias;Atención salud mental (psicólogo, psiquiatra...);No;488,1
Hombres;Total;Canarias;Atención salud mental (psicólogo, psiquiatra...);No necesitó asistencia;454,2
Hombres;Total;Canarias;Atención salud mental (psicólogo, psiquiatra...);No consta;0,0
Hombres;Total;Cantabria;Atención médica;TOTAL;241,9
Hombres;Total;Cantabria;Atención médica;Sí;0,3
Hombres;Total;Cantabria;Atención médica;No;241,7
Hombres;Total;Cantabria;Atención médica;No necesitó asistencia;0,0
Hombres;Total;Cantabria;Atención médica;No consta;0,0
Hombres;Total;Cantabria;Atención dental;TOTAL;241,9
Hombres;Total;Cantabria;Atención dental;Sí;2,5
Hombres;Total;Cantabria;Atención dental;No;239,4
Hombres;Total;Cantabria;Atención dental;No necesitó asistencia;0,0
Hombres;Total;Cantabria;Atención dental;No consta;0,0
Hombres;Total;Cantabria;Medicamento recetado;TOTAL;241,9
Hombres;Total;Cantabria;Medicamento recetado;Sí;0,8
Hombres;Total;Cantabria;Medicamento recetado;No;241,1
Hombres;Total;Cantabria;Medicamento recetado;No necesitó asistencia;0,0
Hombres;Total;Cantabria;Medicamento recetado;No consta;0,0
Hombres;Total;Cantabria;Atención salud mental (psicólogo, psiquiatra...);TOTAL;241,9
Hombres;Total;Cantabria;Atención salud mental (psicólogo, psiquiatra...);Sí;0,3
Hombres;Total;Cantabria;Atención salud mental (psicólogo, psiquiatra...);No;241,0
Hombres;Total;Cantabria;Atención salud mental (psicólogo, psiquiatra...);No necesitó asistencia;0,6
Hombres;Total;Cantabria;Atención salud mental (psicólogo, psiquiatra...);No consta;0,0
Hombres;Total;Castilla y León;Atención médica;TOTAL;1.015,7
Hombres;Total;Castilla y León;Atención médica;Sí;2,8
Hombres;Total;Castilla y León;Atención médica;No;956,9
Hombres;Total;Castilla y León;Atención médica;No necesitó asistencia;56,0
Hombres;Total;Castilla y León;Atención médica;No consta;0,0
Hombres;Total;Castilla y León;Atención dental;TOTAL;1.015,7
Hombres;Total;Castilla y León;Atención dental;Sí;33,3
Hombres;Total;Castilla y León;Atención dental;No;820,4
Hombres;Total;Castilla y León;Atención dental;No necesitó asistencia;162,0
Hombres;Total;Castilla y León;Atención dental;No consta;0,0
Hombres;Total;Castilla y León;Medicamento recetado;TOTAL;1.015,7
Hombres;Total;Castilla y León;Medicamento recetado;Sí;6,6
Hombres;Total;Castilla y León;Medicamento recetado;No;839,8
Hombres;Total;Castilla y León;Medicamento recetado;No necesitó asistencia;169,0
Hombres;Total;Castilla y León;Medicamento recetado;No consta;0,3
Hombres;Total;Castilla y León;Atención salud mental (psicólogo, psiquiatra...);TOTAL;1.015,7
Hombres;Total;Castilla y León;Atención salud mental (psicólogo, psiquiatra...);Sí;1,9
Hombres;Total;Castilla y León;Atención salud mental (psicólogo, psiquiatra...);No;477,5
Hombres;Total;Castilla y León;Atención salud mental (psicólogo, psiquiatra...);No necesitó asistencia;536,2
Hombres;Total;Castilla y León;Atención salud mental (psicólogo, psiquiatra...);No consta;0,0
Hombres;Total;Castilla-La Mancha;Atención médica;TOTAL;856,5
Hombres;Total;Castilla-La Mancha;Atención médica;Sí;8,1
Hombres;Total;Castilla-La Mancha;Atención médica;No;794,5
Hombres;Total;Castilla-La Mancha;Atención médica;No necesitó asistencia;53,9
Hombres;Total;Castilla-La Mancha;Atención médica;No consta;0,0
Hombres;Total;Castilla-La Mancha;Atención dental;TOTAL;856,5
Hombres;Total;Castilla-La Mancha;Atención dental;Sí;80,8
Hombres;Total;Castilla-La Mancha;Atención dental;No;580,9
Hombres;Total;Castilla-La Mancha;Atención dental;No necesitó asistencia;191,8
Hombres;Total;Castilla-La Mancha;Atención dental;No consta;3,0
Hombres;Total;Castilla-La Mancha;Medicamento recetado;TOTAL;856,5
Hombres;Total;Castilla-La Mancha;Medicamento recetado;Sí;1,7
Hombres;Total;Castilla-La Mancha;Medicamento recetado;No;740,7
Hombres;Total;Castilla-La Mancha;Medicamento recetado;No necesitó asistencia;114,0
Hombres;Total;Castilla-La Mancha;Medicamento recetado;No consta;0,0
Hombres;Total;Castilla-La Mancha;Atención salud mental (psicólogo, psiquiatra...);TOTAL;856,5
Hombres;Total;Castilla-La Mancha;Atención salud mental (psicólogo, psiquiatra...);Sí;5,6
Hombres;Total;Castilla-La Mancha;Atención salud mental (psicólogo, psiquiatra...);No;446,1
Hombres;Total;Castilla-La Mancha;Atención salud mental (psicólogo, psiquiatra...);No necesitó asistencia;404,8
Hombres;Total;Castilla-La Mancha;Atención salud mental (psicólogo, psiquiatra...);No consta;0,0
Hombres;Total;Cataluña;Atención médica;TOTAL;3.107,2
Hombres;Total;Cataluña;Atención médica;Sí;24,9
Hombres;Total;Cataluña;Atención médica;No;2.835,6
Hombres;Total;Cataluña;Atención médica;No necesitó asistencia;246,7
Hombres;Total;Cataluña;Atención médica;No consta;0,0
Hombres;Total;Cataluña;Atención dental;TOTAL;3.107,2
Hombres;Total;Cataluña;Atención dental;Sí;290,6
Hombres;Total;Cataluña;Atención dental;No;2.352,1
Hombres;Total;Cataluña;Atención dental;No necesitó asistencia;464,5
Hombres;Total;Cataluña;Atención dental;No consta;0,0
Hombres;Total;Cataluña;Medicamento recetado;TOTAL;3.107,2
Hombres;Total;Cataluña;Medicamento recetado;Sí;21,6
Hombres;Total;Cataluña;Medicamento recetado;No;2.664,3
Hombres;Total;Cataluña;Medicamento recetado;No necesitó asistencia;421,3
Hombres;Total;Cataluña;Medicamento recetado;No consta;0,0
Hombres;Total;Cataluña;Atención salud mental (psicólogo, psiquiatra...);TOTAL;3.107,2
Hombres;Total;Cataluña;Atención salud mental (psicólogo, psiquiatra...);Sí;13,1
Hombres;Total;Cataluña;Atención salud mental (psicólogo, psiquiatra...);No;1.968,0
Hombres;Total;Cataluña;Atención salud mental (psicólogo, psiquiatra...);No necesitó asistencia;1.126,1
Hombres;Total;Cataluña;Atención salud mental (psicólogo, psiquiatra...);No consta;0,0
Hombres;Total;Comunitat Valenciana;Atención médica;TOTAL;2.079,7
Hombres;Total;Comunitat Valenciana;Atención médica;Sí;21,2
Hombres;Total;Comunitat Valenciana;Atención médica;No;1.942,6
Hombres;Total;Comunitat Valenciana;Atención médica;No necesitó asistencia;116,0
Hombres;Total;Comunitat Valenciana;Atención médica;No consta;0,0
Hombres;Total;Comunitat Valenciana;Atención dental;TOTAL;2.079,7
Hombres;Total;Comunitat Valenciana;Atención dental;Sí;237,3
Hombres;Total;Comunitat Valenciana;Atención dental;No;1.481,0
Hombres;Total;Comunitat Valenciana;Atención dental;No necesitó asistencia;361,4
Hombres;Total;Comunitat Valenciana;Atención dental;No consta;0,0
Hombres;Total;Comunitat Valenciana;Medicamento recetado;TOTAL;2.079,7
Hombres;Total;Comunitat Valenciana;Medicamento recetado;Sí;25,5
Hombres;Total;Comunitat Valenciana;Medicamento recetado;No;1.739,5
Hombres;Total;Comunitat Valenciana;Medicamento recetado;No necesitó asistencia;314,8
Hombres;Total;Comunitat Valenciana;Medicamento recetado;No consta;0,0
Hombres;Total;Comunitat Valenciana;Atención salud mental (psicólogo, psiquiatra...);TOTAL;2.079,7
Hombres;Total;Comunitat Valenciana;Atención salud mental (psicólogo, psiquiatra...);Sí;14,2
Hombres;Total;Comunitat Valenciana;Atención salud mental (psicólogo, psiquiatra...);No;582,1
Hombres;Total;Comunitat Valenciana;Atención salud mental (psicólogo, psiquiatra...);No necesitó asistencia;1.483,5
Hombres;Total;Comunitat Valenciana;Atención salud mental (psicólogo, psiquiatra...);No consta;0,0
Hombres;Total;Extremadura;Atención médica;TOTAL;447,0
Hombres;Total;Extremadura;Atención médica;Sí;7,2
Hombres;Total;Extremadura;Atención médica;No;374,3
Hombres;Total;Extremadura;Atención médica;No necesitó asistencia;65,4
Hombres;Total;Extremadura;Atención médica;No consta;0,0
Hombres;Total;Extremadura;Atención dental;TOTAL;447,0
Hombres;Total;Extremadura;Atención dental;Sí;9,5
Hombres;Total;Extremadura;Atención dental;No;311,0
Hombres;Total;Extremadura;Atención dental;No necesitó asistencia;126,6
Hombres;Total;Extremadura;Atención dental;No consta;0,0
Hombres;Total;Extremadura;Medicamento recetado;TOTAL;447,0
Hombres;Total;Extremadura;Medicamento recetado;Sí;2,9
Hombres;Total;Extremadura;Medicamento recetado;No;295,5
Hombres;Total;Extremadura;Medicamento recetado;No necesitó asistencia;148,6
Hombres;Total;Extremadura;Medicamento recetado;No consta;0,0
Hombres;Total;Extremadura;Atención salud mental (psicólogo, psiquiatra...);TOTAL;447,0
Hombres;Total;Extremadura;Atención salud mental (psicólogo, psiquiatra...);Sí;0,0
Hombres;Total;Extremadura;Atención salud mental (psicólogo, psiquiatra...);No;104,0
Hombres;Total;Extremadura;Atención salud mental (psicólogo, psiquiatra...);No necesitó asistencia;343,0
Hombres;Total;Extremadura;Atención salud mental (psicólogo, psiquiatra...);No consta;0,0
Hombres;Total;Galicia;Atención médica;TOTAL;1.129,4
Hombres;Total;Galicia;Atención médica;Sí;47,8
Hombres;Total;Galicia;Atención médica;No;1.037,2
Hombres;Total;Galicia;Atención médica;No necesitó asistencia;37,4
Hombres;Total;Galicia;Atención médica;No consta;6,9
Hombres;Total;Galicia;Atención dental;TOTAL;1.129,4
Hombres;Total;Galicia;Atención dental;Sí;137,6
Hombres;Total;Galicia;Atención dental;No;876,8
Hombres;Total;Galicia;Atención dental;No necesitó asistencia;108,1
Hombres;Total;Galicia;Atención dental;No consta;6,9
Hombres;Total;Galicia;Medicamento recetado;TOTAL;1.129,4
Hombres;Total;Galicia;Medicamento recetado;Sí;1,7
Hombres;Total;Galicia;Medicamento recetado;No;1.013,3
Hombres;Total;Galicia;Medicamento recetado;No necesitó asistencia;107,3
Hombres;Total;Galicia;Medicamento recetado;No consta;6,9
Hombres;Total;Galicia;Atención salud mental (psicólogo, psiquiatra...);TOTAL;1.129,4
Hombres;Total;Galicia;Atención salud mental (psicólogo, psiquiatra...);Sí;7,9
Hombres;Total;Galicia;Atención salud mental (psicólogo, psiquiatra...);No;566,1
Hombres;Total;Galicia;Atención salud mental (psicólogo, psiquiatra...);No necesitó asistencia;548,4
Hombres;Total;Galicia;Atención salud mental (psicólogo, psiquiatra...);No consta;6,9
Hombres;Total;Madrid (Comunidad de);Atención médica;TOTAL;2.678,4
Hombres;Total;Madrid (Comunidad de);Atención médica;Sí;22,0
Hombres;Total;Madrid (Comunidad de);Atención médica;No;2.555,7
Hombres;Total;Madrid (Comunidad de);Atención médica;No necesitó asistencia;100,8
Hombres;Total;Madrid (Comunidad de);Atención médica;No consta;0,0
Hombres;Total;Madrid (Comunidad de);Atención dental;TOTAL;2.678,4
Hombres;Total;Madrid (Comunidad de);Atención dental;Sí;124,8
Hombres;Total;Madrid (Comunidad de);Atención dental;No;2.196,7
Hombres;Total;Madrid (Comunidad de);Atención dental;No necesitó asistencia;356,9
Hombres;Total;Madrid (Comunidad de);Atención dental;No consta;0,0
Hombres;Total;Madrid (Comunidad de);Medicamento recetado;TOTAL;2.678,4
Hombres;Total;Madrid (Comunidad de);Medicamento recetado;Sí;15,9
Hombres;Total;Madrid (Comunidad de);Medicamento recetado;No;2.420,0
Hombres;Total;Madrid (Comunidad de);Medicamento recetado;No necesitó asistencia;242,5
Hombres;Total;Madrid (Comunidad de);Medicamento recetado;No consta;0,0
Hombres;Total;Madrid (Comunidad de);Atención salud mental (psicólogo, psiquiatra...);TOTAL;2.678,4
Hombres;Total;Madrid (Comunidad de);Atención salud mental (psicólogo, psiquiatra...);Sí;3,6
Hombres;Total;Madrid (Comunidad de);Atención salud mental (psicólogo, psiquiatra...);No;1.570,0
Hombres;Total;Madrid (Comunidad de);Atención salud mental (psicólogo, psiquiatra...);No necesitó asistencia;1.104,8
Hombres;Total;Madrid (Comunidad de);Atención salud mental (psicólogo, psiquiatra...);No consta;0,0
Hombres;Total;Murcia (Región de);Atención médica;TOTAL;617,5
Hombres;Total;Murcia (Región de);Atención médica;Sí;11,1
Hombres;Total;Murcia (Región de);Atención médica;No;596,2
Hombres;Total;Murcia (Región de);Atención médica;No necesitó asistencia;10,1
Hombres;Total;Murcia (Región de);Atención médica;No consta;0,0
Hombres;Total;Murcia (Región de);Atención dental;TOTAL;617,5
Hombres;Total;Murcia (Región de);Atención dental;Sí;112,2
Hombres;Total;Murcia (Región de);Atención dental;No;489,1
Hombres;Total;Murcia (Región de);Atención dental;No necesitó asistencia;16,2
Hombres;Total;Murcia (Región de);Atención dental;No consta;0,0
Hombres;Total;Murcia (Región de);Medicamento recetado;TOTAL;617,5
Hombres;Total;Murcia (Región de);Medicamento recetado;Sí;10,2
Hombres;Total;Murcia (Región de);Medicamento recetado;No;545,3
Hombres;Total;Murcia (Región de);Medicamento recetado;No necesitó asistencia;62,0
Hombres;Total;Murcia (Región de);Medicamento recetado;No consta;0,0
Hombres;Total;Murcia (Región de);Atención salud mental (psicólogo, psiquiatra...);TOTAL;617,5
Hombres;Total;Murcia (Región de);Atención salud mental (psicólogo, psiquiatra...);Sí;7,9
Hombres;Total;Murcia (Región de);Atención salud mental (psicólogo, psiquiatra...);No;472,6
Hombres;Total;Murcia (Región de);Atención salud mental (psicólogo, psiquiatra...);No necesitó asistencia;137,0
Hombres;Total;Murcia (Región de);Atención salud mental (psicólogo, psiquiatra...);No consta;0,0
Hombres;Total;Navarra (Comunidad Foral de);Atención médica;TOTAL;269,6
Hombres;Total;Navarra (Comunidad Foral de);Atención médica;Sí;0,8
Hombres;Total;Navarra (Comunidad Foral de);Atención médica;No;265,7
Hombres;Total;Navarra (Comunidad Foral de);Atención médica;No necesitó asistencia;3,1
Hombres;Total;Navarra (Comunidad Foral de);Atención médica;No consta;0,0
Hombres;Total;Navarra (Comunidad Foral de);Atención dental;TOTAL;269,6
Hombres;Total;Navarra (Comunidad Foral de);Atención dental;Sí;47,6
Hombres;Total;Navarra (Comunidad Foral de);Atención dental;No;207,8
Hombres;Total;Navarra (Comunidad Foral de);Atención dental;No necesitó asistencia;14,2
Hombres;Total;Navarra (Comunidad Foral de);Atención dental;No consta;0,0
Hombres;Total;Navarra (Comunidad Foral de);Medicamento recetado;TOTAL;269,6
Hombres;Total;Navarra (Comunidad Foral de);Medicamento recetado;Sí;7,1
Hombres;Total;Navarra (Comunidad Foral de);Medicamento recetado;No;252,3
Hombres;Total;Navarra (Comunidad Foral de);Medicamento recetado;No necesitó asistencia;10,2
Hombres;Total;Navarra (Comunidad Foral de);Medicamento recetado;No consta;0,0
Hombres;Total;Navarra (Comunidad Foral de);Atención salud mental (psicólogo, psiquiatra...);TOTAL;269,6
Hombres;Total;Navarra (Comunidad Foral de);Atención salud mental (psicólogo, psiquiatra...);Sí;2,0
Hombres;Total;Navarra (Comunidad Foral de);Atención salud mental (psicólogo, psiquiatra...);No;175,4
Hombres;Total;Navarra (Comunidad Foral de);Atención salud mental (psicólogo, psiquiatra...);No necesitó asistencia;92,3
Hombres;Total;Navarra (Comunidad Foral de);Atención salud mental (psicólogo, psiquiatra...);No consta;0,0
Hombres;Total;País Vasco;Atención médica;TOTAL;895,0
Hombres;Total;País Vasco;Atención médica;Sí;12,9
Hombres;Total;País Vasco;Atención médica;No;865,6
Hombres;Total;País Vasco;Atención médica;No necesitó asistencia;15,0
Hombres;Total;País Vasco;Atención médica;No consta;1,4
Hombres;Total;País Vasco;Atención dental;TOTAL;895,0
Hombres;Total;País Vasco;Atención dental;Sí;56,4
Hombres;Total;País Vasco;Atención dental;No;794,3
Hombres;Total;País Vasco;Atención dental;No necesitó asistencia;37,6
Hombres;Total;País Vasco;Atención dental;No consta;6,7
Hombres;Total;País Vasco;Medicamento recetado;TOTAL;895,0
Hombres;Total;País Vasco;Medicamento recetado;Sí;10,1
Hombres;Total;País Vasco;Medicamento recetado;No;838,1
Hombres;Total;País Vasco;Medicamento recetado;No necesitó asistencia;43,8
Hombres;Total;País Vasco;Medicamento recetado;No consta;2,9
Hombres;Total;País Vasco;Atención salud mental (psicólogo, psiquiatra...);TOTAL;895,0
Hombres;Total;País Vasco;Atención salud mental (psicólogo, psiquiatra...);Sí;3,3
Hombres;Total;País Vasco;Atención salud mental (psicólogo, psiquiatra...);No;654,1
Hombres;Total;País Vasco;Atención salud mental (psicólogo, psiquiatra...);No necesitó asistencia;230,4
Hombres;Total;País Vasco;Atención salud mental (psicólogo, psiquiatra...);No consta;7,1
Hombres;Total;Rioja (La);Atención médica;TOTAL;131,1
Hombres;Total;Rioja (La);Atención médica;Sí;0,0
Hombres;Total;Rioja (La);Atención médica;No;129,3
Hombres;Total;Rioja (La);Atención médica;No necesitó asistencia;1,9
Hombres;Total;Rioja (La);Atención médica;No consta;0,0
Hombres;Total;Rioja (La);Atención dental;TOTAL;131,1
Hombres;Total;Rioja (La);Atención dental;Sí;10,7
Hombres;Total;Rioja (La);Atención dental;No;115,4
Hombres;Total;Rioja (La);Atención dental;No necesitó asistencia;5,0
Hombres;Total;Rioja (La);Atención dental;No consta;0,0
Hombres;Total;Rioja (La);Medicamento recetado;TOTAL;131,1
Hombres;Total;Rioja (La);Medicamento recetado;Sí;2,2
Hombres;Total;Rioja (La);Medicamento recetado;No;123,1
Hombres;Total;Rioja (La);Medicamento recetado;No necesitó asistencia;5,7
Hombres;Total;Rioja (La);Medicamento recetado;No consta;0,0
Hombres;Total;Rioja (La);Atención salud mental (psicólogo, psiquiatra...);TOTAL;131,1
Hombres;Total;Rioja (La);Atención salud mental (psicólogo, psiquiatra...);Sí;0,8
Hombres;Total;Rioja (La);Atención salud mental (psicólogo, psiquiatra...);No;92,5
Hombres;Total;Rioja (La);Atención salud mental (psicólogo, psiquiatra...);No necesitó asistencia;37,8
Hombres;Total;Rioja (La);Atención salud mental (psicólogo, psiquiatra...);No consta;0,0
Hombres;Total;Ceuta (Ciudad Autónoma de);Atención médica;TOTAL;33,6
Hombres;Total;Ceuta (Ciudad Autónoma de);Atención médica;Sí;0,0
Hombres;Total;Ceuta (Ciudad Autónoma de);Atención médica;No;33,6
Hombres;Total;Ceuta (Ciudad Autónoma de);Atención médica;No necesitó asistencia;0,0
Hombres;Total;Ceuta (Ciudad Autónoma de);Atención médica;No consta;0,0
Hombres;Total;Ceuta (Ciudad Autónoma de);Atención dental;TOTAL;33,6
Hombres;Total;Ceuta (Ciudad Autónoma de);Atención dental;Sí;0,2
Hombres;Total;Ceuta (Ciudad Autónoma de);Atención dental;No;33,4
Hombres;Total;Ceuta (Ciudad Autónoma de);Atención dental;No necesitó asistencia;0,0
Hombres;Total;Ceuta (Ciudad Autónoma de);Atención dental;No consta;0,0
Hombres;Total;Ceuta (Ciudad Autónoma de);Medicamento recetado;TOTAL;33,6
Hombres;Total;Ceuta (Ciudad Autónoma de);Medicamento recetado;Sí;0,2
Hombres;Total;Ceuta (Ciudad Autónoma de);Medicamento recetado;No;33,4
Hombres;Total;Ceuta (Ciudad Autónoma de);Medicamento recetado;No necesitó asistencia;0,0
Hombres;Total;Ceuta (Ciudad Autónoma de);Medicamento recetado;No consta;0,0
Hombres;Total;Ceuta (Ciudad Autónoma de);Atención salud mental (psicólogo, psiquiatra...);TOTAL;33,6
Hombres;Total;Ceuta (Ciudad Autónoma de);Atención salud mental (psicólogo, psiquiatra...);Sí;0,0
Hombres;Total;Ceuta (Ciudad Autónoma de);Atención salud mental (psicólogo, psiquiatra...);No;33,4
Hombres;Total;Ceuta (Ciudad Autónoma de);Atención salud mental (psicólogo, psiquiatra...);No necesitó asistencia;0,2
Hombres;Total;Ceuta (Ciudad Autónoma de);Atención salud mental (psicólogo, psiquiatra...);No consta;0,0
Hombres;Total;Melilla (Ciudad Autónoma de);Atención médica;TOTAL;32,0
Hombres;Total;Melilla (Ciudad Autónoma de);Atención médica;Sí;1,4
Hombres;Total;Melilla (Ciudad Autónoma de);Atención médica;No;24,5
Hombres;Total;Melilla (Ciudad Autónoma de);Atención médica;No necesitó asistencia;6,0
Hombres;Total;Melilla (Ciudad Autónoma de);Atención médica;No consta;0,0
Hombres;Total;Melilla (Ciudad Autónoma de);Atención dental;TOTAL;32,0
Hombres;Total;Melilla (Ciudad Autónoma de);Atención dental;Sí;1,5
Hombres;Total;Melilla (Ciudad Autónoma de);Atención dental;No;18,6
Hombres;Total;Melilla (Ciudad Autónoma de);Atención dental;No necesitó asistencia;11,9
Hombres;Total;Melilla (Ciudad Autónoma de);Atención dental;No consta;0,0
Hombres;Total;Melilla (Ciudad Autónoma de);Medicamento recetado;TOTAL;32,0
Hombres;Total;Melilla (Ciudad Autónoma de);Medicamento recetado;Sí;0,5
Hombres;Total;Melilla (Ciudad Autónoma de);Medicamento recetado;No;15,5
Hombres;Total;Melilla (Ciudad Autónoma de);Medicamento recetado;No necesitó asistencia;16,0
Hombres;Total;Melilla (Ciudad Autónoma de);Medicamento recetado;No consta;0,0
Hombres;Total;Melilla (Ciudad Autónoma de);Atención salud mental (psicólogo, psiquiatra...);TOTAL;32,0
Hombres;Total;Melilla (Ciudad Autónoma de);Atención salud mental (psicólogo, psiquiatra...);Sí;0,0
Hombres;Total;Melilla (Ciudad Autónoma de);Atención salud mental (psicólogo, psiquiatra...);No;6,6
Hombres;Total;Melilla (Ciudad Autónoma de);Atención salud mental (psicólogo, psiquiatra...);No necesitó asistencia;25,3
Hombres;Total;Melilla (Ciudad Autónoma de);Atención salud mental (psicólogo, psiquiatra...);No consta;0,0
Mujeres;Total;;Atención médica;TOTAL;20.525,0
Mujeres;Total;;Atención médica;Sí;450,0
Mujeres;Total;;Atención médica;No;19.611,5
Mujeres;Total;;Atención médica;No necesitó asistencia;460,3
Mujeres;Total;;Atención médica;No consta;3,1
Mujeres;Total;;Atención dental;TOTAL;20.525,0
Mujeres;Total;;Atención dental;Sí;2.060,4
Mujeres;Total;;Atención dental;No;16.821,7
Mujeres;Total;;Atención dental;No necesitó asistencia;1.634,7
Mujeres;Total;;Atención dental;No consta;8,2
Mujeres;Total;;Medicamento recetado;TOTAL;20.525,0
Mujeres;Total;;Medicamento recetado;Sí;274,5
Mujeres;Total;;Medicamento recetado;No;18.946,3
Mujeres;Total;;Medicamento recetado;No necesitó asistencia;1.300,8
Mujeres;Total;;Medicamento recetado;No consta;3,5
Mujeres;Total;;Atención salud mental (psicólogo, psiquiatra...);TOTAL;20.525,0
Mujeres;Total;;Atención salud mental (psicólogo, psiquiatra...);Sí;208,3
Mujeres;Total;;Atención salud mental (psicólogo, psiquiatra...);No;13.278,2
Mujeres;Total;;Atención salud mental (psicólogo, psiquiatra...);No necesitó asistencia;7.035,2
Mujeres;Total;;Atención salud mental (psicólogo, psiquiatra...);No consta;3,3
Mujeres;Total;Andalucía;Atención médica;TOTAL;3.623,4
Mujeres;Total;Andalucía;Atención médica;Sí;37,8
Mujeres;Total;Andalucía;Atención médica;No;3.521,9
Mujeres;Total;Andalucía;Atención médica;No necesitó asistencia;63,7
Mujeres;Total;Andalucía;Atención médica;No consta;0,0
Mujeres;Total;Andalucía;Atención dental;TOTAL;3.623,4
Mujeres;Total;Andalucía;Atención dental;Sí;175,6
Mujeres;Total;Andalucía;Atención dental;No;3.333,0
Mujeres;Total;Andalucía;Atención dental;No necesitó asistencia;114,7
Mujeres;Total;Andalucía;Atención dental;No consta;0,0
Mujeres;Total;Andalucía;Medicamento recetado;TOTAL;3.623,4
Mujeres;Total;Andalucía;Medicamento recetado;Sí;24,2
Mujeres;Total;Andalucía;Medicamento recetado;No;3.519,7
Mujeres;Total;Andalucía;Medicamento recetado;No necesitó asistencia;79,4
Mujeres;Total;Andalucía;Medicamento recetado;No consta;0,0
Mujeres;Total;Andalucía;Atención salud mental (psicólogo, psiquiatra...);TOTAL;3.623,4
Mujeres;Total;Andalucía;Atención salud mental (psicólogo, psiquiatra...);Sí;35,8
Mujeres;Total;Andalucía;Atención salud mental (psicólogo, psiquiatra...);No;3.029,8
Mujeres;Total;Andalucía;Atención salud mental (psicólogo, psiquiatra...);No necesitó asistencia;557,8
Mujeres;Total;Andalucía;Atención salud mental (psicólogo, psiquiatra...);No consta;0,0
Mujeres;Total;Aragón;Atención médica;TOTAL;570,9
Mujeres;Total;Aragón;Atención médica;Sí;8,3
Mujeres;Total;Aragón;Atención médica;No;558,2
Mujeres;Total;Aragón;Atención médica;No necesitó asistencia;4,4
Mujeres;Total;Aragón;Atención médica;No consta;0,0
Mujeres;Total;Aragón;Atención dental;TOTAL;570,9
Mujeres;Total;Aragón;Atención dental;Sí;23,1
Mujeres;Total;Aragón;Atención dental;No;540,4
Mujeres;Total;Aragón;Atención dental;No necesitó asistencia;7,4
Mujeres;Total;Aragón;Atención dental;No consta;0,0
Mujeres;Total;Aragón;Medicamento recetado;TOTAL;570,9
Mujeres;Total;Aragón;Medicamento recetado;Sí;6,2
Mujeres;Total;Aragón;Medicamento recetado;No;554,6
Mujeres;Total;Aragón;Medicamento recetado;No necesitó asistencia;10,1
Mujeres;Total;Aragón;Medicamento recetado;No consta;0,0
Mujeres;Total;Aragón;Atención salud mental (psicólogo, psiquiatra...);TOTAL;570,9
Mujeres;Total;Aragón;Atención salud mental (psicólogo, psiquiatra...);Sí;0,0
Mujeres;Total;Aragón;Atención salud mental (psicólogo, psiquiatra...);No;553,6
Mujeres;Total;Aragón;Atención salud mental (psicólogo, psiquiatra...);No necesitó asistencia;17,3
Mujeres;Total;Aragón;Atención salud mental (psicólogo, psiquiatra...);No consta;0,0
Mujeres;Total;Asturias (Principado de);Atención médica;TOTAL;471,1
Mujeres;Total;Asturias (Principado de);Atención médica;Sí;1,8
Mujeres;Total;Asturias (Principado de);Atención médica;No;462,5
Mujeres;Total;Asturias (Principado de);Atención médica;No necesitó asistencia;4,9
Mujeres;Total;Asturias (Principado de);Atención médica;No consta;1,9
Mujeres;Total;Asturias (Principado de);Atención dental;TOTAL;471,1
Mujeres;Total;Asturias (Principado de);Atención dental;Sí;54,3
Mujeres;Total;Asturias (Principado de);Atención dental;No;408,6
Mujeres;Total;Asturias (Principado de);Atención dental;No necesitó asistencia;6,3
Mujeres;Total;Asturias (Principado de);Atención dental;No consta;1,9
Mujeres;Total;Asturias (Principado de);Medicamento recetado;TOTAL;471,1
Mujeres;Total;Asturias (Principado de);Medicamento recetado;Sí;0,8
Mujeres;Total;Asturias (Principado de);Medicamento recetado;No;458,0
Mujeres;Total;Asturias (Principado de);Medicamento recetado;No necesitó asistencia;10,4
Mujeres;Total;Asturias (Principado de);Medicamento recetado;No consta;1,9
Mujeres;Total;Asturias (Principado de);Atención salud mental (psicólogo, psiquiatra...);TOTAL;471,1
Mujeres;Total;Asturias (Principado de);Atención salud mental (psicólogo, psiquiatra...);Sí;0,2
Mujeres;Total;Asturias (Principado de);Atención salud mental (psicólogo, psiquiatra...);No;314,8
Mujeres;Total;Asturias (Principado de);Atención salud mental (psicólogo, psiquiatra...);No necesitó asistencia;154,2
Mujeres;Total;Asturias (Principado de);Atención salud mental (psicólogo, psiquiatra...);No consta;1,9
Mujeres;Total;Balears (Illes);Atención médica;TOTAL;518,3
Mujeres;Total;Balears (Illes);Atención médica;Sí;9,5
Mujeres;Total;Balears (Illes);Atención médica;No;508,7
Mujeres;Total;Balears (Illes);Atención médica;No necesitó asistencia;0,0
Mujeres;Total;Balears (Illes);Atención médica;No consta;0,0
Mujeres;Total;Balears (Illes);Atención dental;TOTAL;518,3
Mujeres;Total;Balears (Illes);Atención dental;Sí;46,3
Mujeres;Total;Balears (Illes);Atención dental;No;467,8
Mujeres;Total;Balears (Illes);Atención dental;No necesitó asistencia;4,2
Mujeres;Total;Balears (Illes);Atención dental;No consta;0,0
Mujeres;Total;Balears (Illes);Medicamento recetado;TOTAL;518,3
Mujeres;Total;Balears (Illes);Medicamento recetado;Sí;4,5
Mujeres;Total;Balears (Illes);Medicamento recetado;No;512,0
Mujeres;Total;Balears (Illes);Medicamento recetado;No necesitó asistencia;1,8
Mujeres;Total;Balears (Illes);Medicamento recetado;No consta;0,0
Mujeres;Total;Balears (Illes);Atención salud mental (psicólogo, psiquiatra...);TOTAL;518,3
Mujeres;Total;Balears (Illes);Atención salud mental (psicólogo, psiquiatra...);Sí;11,1
Mujeres;Total;Balears (Illes);Atención salud mental (psicólogo, psiquiatra...);No;480,1
Mujeres;Total;Balears (Illes);Atención salud mental (psicólogo, psiquiatra...);No necesitó asistencia;27,1
Mujeres;Total;Balears (Illes);Atención salud mental (psicólogo, psiquiatra...);No consta;0,0
Mujeres;Total;Canarias;Atención médica;TOTAL;982,8
Mujeres;Total;Canarias;Atención médica;Sí;140,9
Mujeres;Total;Canarias;Atención médica;No;841,8
Mujeres;Total;Canarias;Atención médica;No necesitó asistencia;0,0
Mujeres;Total;Canarias;Atención médica;No consta;0,0
Mujeres;Total;Canarias;Atención dental;TOTAL;982,8
Mujeres;Total;Canarias;Atención dental;Sí;288,7
Mujeres;Total;Canarias;Atención dental;No;694,1
Mujeres;Total;Canarias;Atención dental;No necesitó asistencia;0,0
Mujeres;Total;Canarias;Atención dental;No consta;0,0
Mujeres;Total;Canarias;Medicamento recetado;TOTAL;982,8
Mujeres;Total;Canarias;Medicamento recetado;Sí;27,5
Mujeres;Total;Canarias;Medicamento recetado;No;811,0
Mujeres;Total;Canarias;Medicamento recetado;No necesitó asistencia;144,3
Mujeres;Total;Canarias;Medicamento recetado;No consta;0,0
Mujeres;Total;Canarias;Atención salud mental (psicólogo, psiquiatra...);TOTAL;982,8
Mujeres;Total;Canarias;Atención salud mental (psicólogo, psiquiatra...);Sí;16,4
Mujeres;Total;Canarias;Atención salud mental (psicólogo, psiquiatra...);No;465,6
Mujeres;Total;Canarias;Atención salud mental (psicólogo, psiquiatra...);No necesitó asistencia;500,8
Mujeres;Total;Canarias;Atención salud mental (psicólogo, psiquiatra...);No consta;0,0
Mujeres;Total;Cantabria;Atención médica;TOTAL;258,1
Mujeres;Total;Cantabria;Atención médica;Sí;0,6
Mujeres;Total;Cantabria;Atención médica;No;257,5
Mujeres;Total;Cantabria;Atención médica;No necesitó asistencia;0,0
Mujeres;Total;Cantabria;Atención médica;No consta;0,0
Mujeres;Total;Cantabria;Atención dental;TOTAL;258,1
Mujeres;Total;Cantabria;Atención dental;Sí;2,6
Mujeres;Total;Cantabria;Atención dental;No;255,5
Mujeres;Total;Cantabria;Atención dental;No necesitó asistencia;0,0
Mujeres;Total;Cantabria;Atención dental;No consta;0,0
Mujeres;Total;Cantabria;Medicamento recetado;TOTAL;258,1
Mujeres;Total;Cantabria;Medicamento recetado;Sí;0,0
Mujeres;Total;Cantabria;Medicamento recetado;No;258,1
Mujeres;Total;Cantabria;Medicamento recetado;No necesitó asistencia;0,0
Mujeres;Total;Cantabria;Medicamento recetado;No consta;0,0
Mujeres;Total;Cantabria;Atención salud mental (psicólogo, psiquiatra...);TOTAL;258,1
Mujeres;Total;Cantabria;Atención salud mental (psicólogo, psiquiatra...);Sí;0,0
Mujeres;Total;Cantabria;Atención salud mental (psicólogo, psiquiatra...);No;257,8
Mujeres;Total;Cantabria;Atención salud mental (psicólogo, psiquiatra...);No necesitó asistencia;0,2
Mujeres;Total;Cantabria;Atención salud mental (psicólogo, psiquiatra...);No consta;0,2
Mujeres;Total;Castilla y León;Atención médica;TOTAL;1.048,0
Mujeres;Total;Castilla y León;Atención médica;Sí;14,1
Mujeres;Total;Castilla y León;Atención médica;No;1.011,6
Mujeres;Total;Castilla y León;Atención médica;No necesitó asistencia;22,3
Mujeres;Total;Castilla y León;Atención médica;No consta;0,0
Mujeres;Total;Castilla y León;Atención dental;TOTAL;1.048,0
Mujeres;Total;Castilla y León;Atención dental;Sí;106,2
Mujeres;Total;Castilla y León;Atención dental;No;819,4
Mujeres;Total;Castilla y León;Atención dental;No necesitó asistencia;122,4
Mujeres;Total;Castilla y León;Atención dental;No consta;0,0
Mujeres;Total;Castilla y León;Medicamento recetado;TOTAL;1.048,0
Mujeres;Total;Castilla y León;Medicamento recetado;Sí;18,7
Mujeres;Total;Castilla y León;Medicamento recetado;No;937,1
Mujeres;Total;Castilla y León;Medicamento recetado;No necesitó asistencia;92,3
Mujeres;Total;Castilla y León;Medicamento recetado;No consta;0,0
Mujeres;Total;Castilla y León;Atención salud mental (psicólogo, psiquiatra...);TOTAL;1.048,0
Mujeres;Total;Castilla y León;Atención salud mental (psicólogo, psiquiatra...);Sí;18,7
Mujeres;Total;Castilla y León;Atención salud mental (psicólogo, psiquiatra...);No;582,9
Mujeres;Total;Castilla y León;Atención salud mental (psicólogo, psiquiatra...);No necesitó asistencia;446,5
Mujeres;Total;Castilla y León;Atención salud mental (psicólogo, psiquiatra...);No consta;0,0
Mujeres;Total;Castilla-La Mancha;Atención médica;TOTAL;853,2
Mujeres;Total;Castilla-La Mancha;Atención médica;Sí;17,0
Mujeres;Total;Castilla-La Mancha;Atención médica;No;820,9
Mujeres;Total;Castilla-La Mancha;Atención médica;No necesitó asistencia;14,9
Mujeres;Total;Castilla-La Mancha;Atención médica;No consta;0,4
Mujeres;Total;Castilla-La Mancha;Atención dental;TOTAL;853,2
Mujeres;Total;Castilla-La Mancha;Atención dental;Sí;95,6
Mujeres;Total;Castilla-La Mancha;Atención dental;No;571,9
Mujeres;Total;Castilla-La Mancha;Atención dental;No necesitó asistencia;184,9
Mujeres;Total;Castilla-La Mancha;Atención dental;No consta;0,7
Mujeres;Total;Castilla-La Mancha;Medicamento recetado;TOTAL;853,2
Mujeres;Total;Castilla-La Mancha;Medicamento recetado;Sí;2,2
Mujeres;Total;Castilla-La Mancha;Medicamento recetado;No;806,0
Mujeres;Total;Castilla-La Mancha;Medicamento recetado;No necesitó asistencia;44,6
Mujeres;Total;Castilla-La Mancha;Medicamento recetado;No consta;0,4
Mujeres;Total;Castilla-La Mancha;Atención salud mental (psicólogo, psiquiatra...);TOTAL;853,2
Mujeres;Total;Castilla-La Mancha;Atención salud mental (psicólogo, psiquiatra...);Sí;1,8
Mujeres;Total;Castilla-La Mancha;Atención salud mental (psicólogo, psiquiatra...);No;465,6
Mujeres;Total;Castilla-La Mancha;Atención salud mental (psicólogo, psiquiatra...);No necesitó asistencia;385,3
Mujeres;Total;Castilla-La Mancha;Atención salud mental (psicólogo, psiquiatra...);No consta;0,4
Mujeres;Total;Cataluña;Atención médica;TOTAL;3.290,4
Mujeres;Total;Cataluña;Atención médica;Sí;32,5
Mujeres;Total;Cataluña;Atención médica;No;3.170,1
Mujeres;Total;Cataluña;Atención médica;No necesitó asistencia;86,9
Mujeres;Total;Cataluña;Atención médica;No consta;0,9
Mujeres;Total;Cataluña;Atención dental;TOTAL;3.290,4
Mujeres;Total;Cataluña;Atención dental;Sí;257,5
Mujeres;Total;Cataluña;Atención dental;No;2.775,0
Mujeres;Total;Cataluña;Atención dental;No necesitó asistencia;257,1
Mujeres;Total;Cataluña;Atención dental;No consta;0,9
Mujeres;Total;Cataluña;Medicamento recetado;TOTAL;3.290,4
Mujeres;Total;Cataluña;Medicamento recetado;Sí;35,6
Mujeres;Total;Cataluña;Medicamento recetado;No;3.009,8
Mujeres;Total;Cataluña;Medicamento recetado;No necesitó asistencia;244,2
Mujeres;Total;Cataluña;Medicamento recetado;No consta;0,9
Mujeres;Total;Cataluña;Atención salud mental (psicólogo, psiquiatra...);TOTAL;3.290,4
Mujeres;Total;Cataluña;Atención salud mental (psicólogo, psiquiatra...);Sí;26,5
Mujeres;Total;Cataluña;Atención salud mental (psicólogo, psiquiatra...);No;2.280,6
Mujeres;Total;Cataluña;Atención salud mental (psicólogo, psiquiatra...);No necesitó asistencia;982,4
Mujeres;Total;Cataluña;Atención salud mental (psicólogo, psiquiatra...);No consta;0,9
Mujeres;Total;Comunitat Valenciana;Atención médica;TOTAL;2.175,5
Mujeres;Total;Comunitat Valenciana;Atención médica;Sí;31,8
Mujeres;Total;Comunitat Valenciana;Atención médica;No;2.046,5
Mujeres;Total;Comunitat Valenciana;Atención médica;No necesitó asistencia;97,2
Mujeres;Total;Comunitat Valenciana;Atención médica;No consta;0,0
Mujeres;Total;Comunitat Valenciana;Atención dental;TOTAL;2.175,5
Mujeres;Total;Comunitat Valenciana;Atención dental;Sí;319,2
Mujeres;Total;Comunitat Valenciana;Atención dental;No;1.525,9
Mujeres;Total;Comunitat Valenciana;Atención dental;No necesitó asistencia;330,5
Mujeres;Total;Comunitat Valenciana;Atención dental;No consta;0,0
Mujeres;Total;Comunitat Valenciana;Medicamento recetado;TOTAL;2.175,5
Mujeres;Total;Comunitat Valenciana;Medicamento recetado;Sí;56,3
Mujeres;Total;Comunitat Valenciana;Medicamento recetado;No;1.914,8
Mujeres;Total;Comunitat Valenciana;Medicamento recetado;No necesitó asistencia;204,5
Mujeres;Total;Comunitat Valenciana;Medicamento recetado;No consta;0,0
Mujeres;Total;Comunitat Valenciana;Atención salud mental (psicólogo, psiquiatra...);TOTAL;2.175,5
Mujeres;Total;Comunitat Valenciana;Atención salud mental (psicólogo, psiquiatra...);Sí;24,4
Mujeres;Total;Comunitat Valenciana;Atención salud mental (psicólogo, psiquiatra...);No;663,0
Mujeres;Total;Comunitat Valenciana;Atención salud mental (psicólogo, psiquiatra...);No necesitó asistencia;1.488,1
Mujeres;Total;Comunitat Valenciana;Atención salud mental (psicólogo, psiquiatra...);No consta;0,0
Mujeres;Total;Extremadura;Atención médica;TOTAL;457,9
Mujeres;Total;Extremadura;Atención médica;Sí;9,8
Mujeres;Total;Extremadura;Atención médica;No;397,2
Mujeres;Total;Extremadura;Atención médica;No necesitó asistencia;50,9
Mujeres;Total;Extremadura;Atención médica;No consta;0,0
Mujeres;Total;Extremadura;Atención dental;TOTAL;457,9
Mujeres;Total;Extremadura;Atención dental;Sí;12,7
Mujeres;Total;Extremadura;Atención dental;No;338,1
Mujeres;Total;Extremadura;Atención dental;No necesitó asistencia;107,1
Mujeres;Total;Extremadura;Atención dental;No consta;0,0
Mujeres;Total;Extremadura;Medicamento recetado;TOTAL;457,9
Mujeres;Total;Extremadura;Medicamento recetado;Sí;3,7
Mujeres;Total;Extremadura;Medicamento recetado;No;330,0
Mujeres;Total;Extremadura;Medicamento recetado;No necesitó asistencia;124,2
Mujeres;Total;Extremadura;Medicamento recetado;No consta;0,0
Mujeres;Total;Extremadura;Atención salud mental (psicólogo, psiquiatra...);TOTAL;457,9
Mujeres;Total;Extremadura;Atención salud mental (psicólogo, psiquiatra...);Sí;1,0
Mujeres;Total;Extremadura;Atención salud mental (psicólogo, psiquiatra...);No;135,1
Mujeres;Total;Extremadura;Atención salud mental (psicólogo, psiquiatra...);No necesitó asistencia;321,8
Mujeres;Total;Extremadura;Atención salud mental (psicólogo, psiquiatra...);No consta;0,0
Mujeres;Total;Galicia;Atención médica;TOTAL;1.231,2
Mujeres;Total;Galicia;Atención médica;Sí;90,7
Mujeres;Total;Galicia;Atención médica;No;1.108,4
Mujeres;Total;Galicia;Atención médica;No necesitó asistencia;32,1
Mujeres;Total;Galicia;Atención médica;No consta;0,0
Mujeres;Total;Galicia;Atención dental;TOTAL;1.231,2
Mujeres;Total;Galicia;Atención dental;Sí;222,2
Mujeres;Total;Galicia;Atención dental;No;906,7
Mujeres;Total;Galicia;Atención dental;No necesitó asistencia;102,0
Mujeres;Total;Galicia;Atención dental;No consta;0,3
Mujeres;Total;Galicia;Medicamento recetado;TOTAL;1.231,2
Mujeres;Total;Galicia;Medicamento recetado;Sí;34,3
Mujeres;Total;Galicia;Medicamento recetado;No;1.080,8
Mujeres;Total;Galicia;Medicamento recetado;No necesitó asistencia;115,8
Mujeres;Total;Galicia;Medicamento recetado;No consta;0,3
Mujeres;Total;Galicia;Atención salud mental (psicólogo, psiquiatra...);TOTAL;1.231,2
Mujeres;Total;Galicia;Atención salud mental (psicólogo, psiquiatra...);Sí;19,9
Mujeres;Total;Galicia;Atención salud mental (psicólogo, psiquiatra...);No;687,5
Mujeres;Total;Galicia;Atención salud mental (psicólogo, psiquiatra...);No necesitó asistencia;523,7
Mujeres;Total;Galicia;Atención salud mental (psicólogo, psiquiatra...);No consta;0,0
Mujeres;Total;Madrid (Comunidad de);Atención médica;TOTAL;2.971,5
Mujeres;Total;Madrid (Comunidad de);Atención médica;Sí;9,2
Mujeres;Total;Madrid (Comunidad de);Atención médica;No;2.894,9
Mujeres;Total;Madrid (Comunidad de);Atención médica;No necesitó asistencia;67,5
Mujeres;Total;Madrid (Comunidad de);Atención médica;No consta;0,0
Mujeres;Total;Madrid (Comunidad de);Atención dental;TOTAL;2.971,5
Mujeres;Total;Madrid (Comunidad de);Atención dental;Sí;237,5
Mujeres;Total;Madrid (Comunidad de);Atención dental;No;2.414,3
Mujeres;Total;Madrid (Comunidad de);Atención dental;No necesitó asistencia;315,4
Mujeres;Total;Madrid (Comunidad de);Atención dental;No consta;4,3
Mujeres;Total;Madrid (Comunidad de);Medicamento recetado;TOTAL;2.971,5
Mujeres;Total;Madrid (Comunidad de);Medicamento recetado;Sí;25,7
Mujeres;Total;Madrid (Comunidad de);Medicamento recetado;No;2.800,5
Mujeres;Total;Madrid (Comunidad de);Medicamento recetado;No necesitó asistencia;145,3
Mujeres;Total;Madrid (Comunidad de);Medicamento recetado;No consta;0,0
Mujeres;Total;Madrid (Comunidad de);Atención salud mental (psicólogo, psiquiatra...);TOTAL;2.971,5
Mujeres;Total;Madrid (Comunidad de);Atención salud mental (psicólogo, psiquiatra...);Sí;9,4
Mujeres;Total;Madrid (Comunidad de);Atención salud mental (psicólogo, psiquiatra...);No;1.849,4
Mujeres;Total;Madrid (Comunidad de);Atención salud mental (psicólogo, psiquiatra...);No necesitó asistencia;1.112,7
Mujeres;Total;Madrid (Comunidad de);Atención salud mental (psicólogo, psiquiatra...);No consta;0,0
Mujeres;Total;Murcia (Región de);Atención médica;TOTAL;624,9
Mujeres;Total;Murcia (Región de);Atención médica;Sí;25,1
Mujeres;Total;Murcia (Región de);Atención médica;No;599,8
Mujeres;Total;Murcia (Región de);Atención médica;No necesitó asistencia;0,0
Mujeres;Total;Murcia (Región de);Atención médica;No consta;0,0
Mujeres;Total;Murcia (Región de);Atención dental;TOTAL;624,9
Mujeres;Total;Murcia (Región de);Atención dental;Sí;93,3
Mujeres;Total;Murcia (Región de);Atención dental;No;518,3
Mujeres;Total;Murcia (Región de);Atención dental;No necesitó asistencia;13,3
Mujeres;Total;Murcia (Región de);Atención dental;No consta;0,0
Mujeres;Total;Murcia (Región de);Medicamento recetado;TOTAL;624,9
Mujeres;Total;Murcia (Región de);Medicamento recetado;Sí;10,8
Mujeres;Total;Murcia (Región de);Medicamento recetado;No;585,1
Mujeres;Total;Murcia (Región de);Medicamento recetado;No necesitó asistencia;29,0
Mujeres;Total;Murcia (Región de);Medicamento recetado;No consta;0,0
Mujeres;Total;Murcia (Región de);Atención salud mental (psicólogo, psiquiatra...);TOTAL;624,9
Mujeres;Total;Murcia (Región de);Atención salud mental (psicólogo, psiquiatra...);Sí;28,1
Mujeres;Total;Murcia (Región de);Atención salud mental (psicólogo, psiquiatra...);No;488,7
Mujeres;Total;Murcia (Región de);Atención salud mental (psicólogo, psiquiatra...);No necesitó asistencia;108,2
Mujeres;Total;Murcia (Región de);Atención salud mental (psicólogo, psiquiatra...);No consta;0,0
Mujeres;Total;Navarra (Comunidad Foral de);Atención médica;TOTAL;277,8
Mujeres;Total;Navarra (Comunidad Foral de);Atención médica;Sí;2,7
Mujeres;Total;Navarra (Comunidad Foral de);Atención médica;No;272,1
Mujeres;Total;Navarra (Comunidad Foral de);Atención médica;No necesitó asistencia;3,0
Mujeres;Total;Navarra (Comunidad Foral de);Atención médica;No consta;0,0
Mujeres;Total;Navarra (Comunidad Foral de);Atención dental;TOTAL;277,8
Mujeres;Total;Navarra (Comunidad Foral de);Atención dental;Sí;48,4
Mujeres;Total;Navarra (Comunidad Foral de);Atención dental;No;211,3
Mujeres;Total;Navarra (Comunidad Foral de);Atención dental;No necesitó asistencia;18,1
Mujeres;Total;Navarra (Comunidad Foral de);Atención dental;No consta;0,0
Mujeres;Total;Navarra (Comunidad Foral de);Medicamento recetado;TOTAL;277,8
Mujeres;Total;Navarra (Comunidad Foral de);Medicamento recetado;Sí;5,1
Mujeres;Total;Navarra (Comunidad Foral de);Medicamento recetado;No;264,7
Mujeres;Total;Navarra (Comunidad Foral de);Medicamento recetado;No necesitó asistencia;7,9
Mujeres;Total;Navarra (Comunidad Foral de);Medicamento recetado;No consta;0,0
Mujeres;Total;Navarra (Comunidad Foral de);Atención salud mental (psicólogo, psiquiatra...);TOTAL;277,8
Mujeres;Total;Navarra (Comunidad Foral de);Atención salud mental (psicólogo, psiquiatra...);Sí;5,0
Mujeres;Total;Navarra (Comunidad Foral de);Atención salud mental (psicólogo, psiquiatra...);No;169,2
Mujeres;Total;Navarra (Comunidad Foral de);Atención salud mental (psicólogo, psiquiatra...);No necesitó asistencia;103,6
Mujeres;Total;Navarra (Comunidad Foral de);Atención salud mental (psicólogo, psiquiatra...);No consta;0,0
Mujeres;Total;País Vasco;Atención médica;TOTAL;968,3
Mujeres;Total;País Vasco;Atención médica;Sí;13,8
Mujeres;Total;País Vasco;Atención médica;No;948,1
Mujeres;Total;País Vasco;Atención médica;No necesitó asistencia;6,5
Mujeres;Total;País Vasco;Atención médica;No consta;0,0
Mujeres;Total;País Vasco;Atención dental;TOTAL;968,3
Mujeres;Total;País Vasco;Atención dental;Sí;56,4
Mujeres;Total;País Vasco;Atención dental;No;873,8
Mujeres;Total;País Vasco;Atención dental;No necesitó asistencia;38,1
Mujeres;Total;País Vasco;Atención dental;No consta;0,0
Mujeres;Total;País Vasco;Medicamento recetado;TOTAL;968,3
Mujeres;Total;País Vasco;Medicamento recetado;Sí;17,5
Mujeres;Total;País Vasco;Medicamento recetado;No;917,6
Mujeres;Total;País Vasco;Medicamento recetado;No necesitó asistencia;33,3
Mujeres;Total;País Vasco;Medicamento recetado;No consta;0,0
Mujeres;Total;País Vasco;Atención salud mental (psicólogo, psiquiatra...);TOTAL;968,3
Mujeres;Total;País Vasco;Atención salud mental (psicólogo, psiquiatra...);Sí;9,1
Mujeres;Total;País Vasco;Atención salud mental (psicólogo, psiquiatra...);No;717,2
Mujeres;Total;País Vasco;Atención salud mental (psicólogo, psiquiatra...);No necesitó asistencia;242,0
Mujeres;Total;País Vasco;Atención salud mental (psicólogo, psiquiatra...);No consta;0,0
Mujeres;Total;Rioja (La);Atención médica;TOTAL;136,2
Mujeres;Total;Rioja (La);Atención médica;Sí;0,2
Mujeres;Total;Rioja (La);Atención médica;No;134,2
Mujeres;Total;Rioja (La);Atención médica;No necesitó asistencia;1,8
Mujeres;Total;Rioja (La);Atención médica;No consta;0,0
Mujeres;Total;Rioja (La);Atención dental;TOTAL;136,2
Mujeres;Total;Rioja (La);Atención dental;Sí;15,2
Mujeres;Total;Rioja (La);Atención dental;No;118,2
Mujeres;Total;Rioja (La);Atención dental;No necesitó asistencia;2,9
Mujeres;Total;Rioja (La);Atención dental;No consta;0,0
Mujeres;Total;Rioja (La);Medicamento recetado;TOTAL;136,2
Mujeres;Total;Rioja (La);Medicamento recetado;Sí;1,4
Mujeres;Total;Rioja (La);Medicamento recetado;No;133,0
Mujeres;Total;Rioja (La);Medicamento recetado;No necesitó asistencia;1,8
Mujeres;Total;Rioja (La);Medicamento recetado;No consta;0,0
Mujeres;Total;Rioja (La);Atención salud mental (psicólogo, psiquiatra...);TOTAL;136,2
Mujeres;Total;Rioja (La);Atención salud mental (psicólogo, psiquiatra...);Sí;0,8
Mujeres;Total;Rioja (La);Atención salud mental (psicólogo, psiquiatra...);No;98,6
Mujeres;Total;Rioja (La);Atención salud mental (psicólogo, psiquiatra...);No necesitó asistencia;36,9
Mujeres;Total;Rioja (La);Atención salud mental (psicólogo, psiquiatra...);No consta;0,0
Mujeres;Total;Ceuta (Ciudad Autónoma de);Atención médica;TOTAL;33,2
Mujeres;Total;Ceuta (Ciudad Autónoma de);Atención médica;Sí;0,0
Mujeres;Total;Ceuta (Ciudad Autónoma de);Atención médica;No;33,2
Mujeres;Total;Ceuta (Ciudad Autónoma de);Atención médica;No necesitó asistencia;0,0
Mujeres;Total;Ceuta (Ciudad Autónoma de);Atención médica;No consta;0,0
Mujeres;Total;Ceuta (Ciudad Autónoma de);Atención dental;TOTAL;33,2
Mujeres;Total;Ceuta (Ciudad Autónoma de);Atención dental;Sí;1,8
Mujeres;Total;Ceuta (Ciudad Autónoma de);Atención dental;No;31,4
Mujeres;Total;Ceuta (Ciudad Autónoma de);Atención dental;No necesitó asistencia;0,0
Mujeres;Total;Ceuta (Ciudad Autónoma de);Atención dental;No consta;0,0
Mujeres;Total;Ceuta (Ciudad Autónoma de);Medicamento recetado;TOTAL;33,2
Mujeres;Total;Ceuta (Ciudad Autónoma de);Medicamento recetado;Sí;0,0
Mujeres;Total;Ceuta (Ciudad Autónoma de);Medicamento recetado;No;33,2
Mujeres;Total;Ceuta (Ciudad Autónoma de);Medicamento recetado;No necesitó asistencia;0,0
Mujeres;Total;Ceuta (Ciudad Autónoma de);Medicamento recetado;No consta;0,0
Mujeres;Total;Ceuta (Ciudad Autónoma de);Atención salud mental (psicólogo, psiquiatra...);TOTAL;33,2
Mujeres;Total;Ceuta (Ciudad Autónoma de);Atención salud mental (psicólogo, psiquiatra...);Sí;0,0
Mujeres;Total;Ceuta (Ciudad Autónoma de);Atención salud mental (psicólogo, psiquiatra...);No;32,4
Mujeres;Total;Ceuta (Ciudad Autónoma de);Atención salud mental (psicólogo, psiquiatra...);No necesitó asistencia;0,8
Mujeres;Total;Ceuta (Ciudad Autónoma de);Atención salud mental (psicólogo, psiquiatra...);No consta;0,0
Mujeres;Total;Melilla (Ciudad Autónoma de);Atención médica;TOTAL;32,3
Mujeres;Total;Melilla (Ciudad Autónoma de);Atención médica;Sí;4,3
Mujeres;Total;Melilla (Ciudad Autónoma de);Atención médica;No;23,7
Mujeres;Total;Melilla (Ciudad Autónoma de);Atención médica;No necesitó asistencia;4,3
Mujeres;Total;Melilla (Ciudad Autónoma de);Atención médica;No consta;0,0
Mujeres;Total;Melilla (Ciudad Autónoma de);Atención dental;TOTAL;32,3
Mujeres;Total;Melilla (Ciudad Autónoma de);Atención dental;Sí;3,9
Mujeres;Total;Melilla (Ciudad Autónoma de);Atención dental;No;18,1
Mujeres;Total;Melilla (Ciudad Autónoma de);Atención dental;No necesitó asistencia;10,4
Mujeres;Total;Melilla (Ciudad Autónoma de);Atención dental;No consta;0,0
Mujeres;Total;Melilla (Ciudad Autónoma de);Medicamento recetado;TOTAL;32,3
Mujeres;Total;Melilla (Ciudad Autónoma de);Medicamento recetado;Sí;0,0
Mujeres;Total;Melilla (Ciudad Autónoma de);Medicamento recetado;No;20,3
Mujeres;Total;Melilla (Ciudad Autónoma de);Medicamento recetado;No necesitó asistencia;12,1
Mujeres;Total;Melilla (Ciudad Autónoma de);Medicamento recetado;No consta;0,0
Mujeres;Total;Melilla (Ciudad Autónoma de);Atención salud mental (psicólogo, psiquiatra...);TOTAL;32,3
Mujeres;Total;Melilla (Ciudad Autónoma de);Atención salud mental (psicólogo, psiquiatra...);Sí;0,0
Mujeres;Total;Melilla (Ciudad Autónoma de);Atención salud mental (psicólogo, psiquiatra...);No;6,4
Mujeres;Total;Melilla (Ciudad Autónoma de);Atención salud mental (psicólogo, psiquiatra...);No necesitó asistencia;26,0
Mujeres;Total;Melilla (Ciudad Autónoma de);Atención salud mental (psicólogo, psiquiatra...);No consta;0,0
